Time,LowNoiseDis25,LowNoiseDis50,HighNoiseDis25,HighNoiseDis50
0.01,-3134,-2470,-1271,-2803
0.02,-3292,-2339,-2598,-2959
0.03,-3172,-2550,-3116,-2413
0.04,-2899,-2397,-3459,-2322
0.05,-2932,-2385,-2546,-2850
0.06,-3297,-2305,-2851,-2769
0.07,-3104,-2341,-2695,-2904
0.08,-3220,-2352,-3258,-2518
0.09,-3341,-2607,-2660,-2675
0.1,-3062,-2469,-3377,-2768
0.11,-3128,-2580,-2827,-2320
0.12,-3273,-2526,-3239,-2809
0.13,-3080,-2642,-1423,-2743
0.14,-3186,-2545,-1423,-2311
0.15,-2882,-2319,-1207,-2434
0.16,-3321,-2682,-2818,-2690
0.17,-3232,-2387,-2766,-2442
0.18,-3394,-2383,-2783,-2679
0.19,-2856,-2454,-3015,-2835
0.2,-2857,-2531,-3440,-2731
0.21,-3254,-2383,-2705,-2432
0.22,-3031,-2688,-3188,-2885
0.23,-3344,-2402,-3318,-2342
0.24,-3123,-2411,-3205,-2981
0.25,-3072,-2424,-2698,-2344
0.26,-3327,-2550,-1767,-2927
0.27,-2855,-2680,-3037,-2933
0.28,-3396,-2392,-2772,-2457
0.29,-2984,-2667,-3062,-2730
0.3,-3034,-2690,-2756,-2466
0.31,-2875,-2534,-2946,-2672
0.32,-3115,-2658,-3434,-2564
0.33,-3237,-2575,-2941,-2613
0.34,-3197,-2419,-3430,-2633
0.35,-3114,-2634,-2808,-2702
0.36,-3075,-2606,-2856,-2727
0.37,-3179,-2403,-2518,-2914
0.38,-3278,-2529,-3354,-2743
0.39,-2885,-2432,-3037,-2691
0.4,-3282,-2520,-2772,-2414
0.41,-3356,-2693,-3062,-2981
0.42,-2887,-2425,-2756,-2724
0.43,-3222,-2620,-2946,-2878
0.44,-3371,-2434,-3434,-2878
0.45,-2980,-2427,-2941,-2321
0.46,-3189,-2531,-3430,-2501
0.47,-3333,-2667,-2808,-2306
0.48,-3197,-2395,-2856,-2327
0.49,-2887,-2635,-2518,-2965
0.5,-3192,-2473,-3354,-2776
0.51,-3042,-2457,-3453,-2558
0.52,-2989,-2363,-2789,-2966
0.53,-3102,-2635,-3390,-2868
0.54,-3144,-2482,-3126,-2891
0.55,-3010,-2316,-2952,-2667
0.56,-3061,-2309,-2978,-2585
0.57,-3160,-2615,-2657,-2988
0.58,-3009,-2304,-2663,-2830
0.59,-3381,-2368,-2534,-2445
0.6,-3375,-2622,-3244,-2484
0.61,-3128,-2527,-2951,-2401
0.62,-2895,-2659,-3431,-2695
0.63,-3337,-2674,-3199,-2781
0.64,-3120,-2633,-3311,-2634
0.65,-2906,-2541,-2996,-2583
0.66,-3076,-2530,-3033,-2844
0.67,-3172,-2405,-2736,-2590
0.68,-2858,-2623,-3051,-2395
0.69,-2954,-2600,-3413,-2793
0.7,-3383,-2670,-3031,-2805
0.71,-3387,-2657,-2697,-2545
0.72,-2865,-2641,-2818,-2458
0.73,-3295,-2610,-2766,-2468
0.74,-3211,-2365,-2783,-2366
0.75,-3335,-2697,-3015,-2327
0.76,-2988,-2648,-3440,-2650
0.77,-3377,-2331,-2705,-2679
0.78,-3366,-2505,-3188,-2499
0.79,-2909,-2608,-3318,-2801
0.8,-2924,-2688,-3205,-2810
0.81,-3066,-2585,-2698,-2553
0.82,-3067,-2316,-3246,-2439
0.83,-3113,-2313,-2815,-2364
0.84,-3262,-2321,-2652,-2712
0.85,-3036,-2614,-3212,-2943
0.86,-3137,-2459,-2574,-2493
0.87,-2963,-2346,-2938,-2328
0.88,-3290,-2523,-2633,-2537
0.89,-3185,-2562,-2976,-2856
0.9,-3326,-2570,-2667,-2791
0.91,-3106,-2613,-2989,-2545
0.92,-3355,-2640,-2956,-2793
0.93,-3096,-2397,-2927,-2528
0.94,-3043,-2698,-3006,-2749
0.95,-3170,-2518,-3088,-2630
0.96,-3138,-2666,-3356,-2592
0.97,-3293,-2320,-2878,-2671
0.98,-2971,-2325,-2741,-2827
0.99,-3221,-2690,-3467,-2527
1,-3257,-2358,-2999,-2377
1.01,-3199,-2580,-2830,-2438
1.02,-2922,-2620,-2522,-2841
1.03,-3284,-2337,-3083,-2710
1.04,-3367,-2324,-3236,-2331
1.05,-3295,-2351,-3040,-2436
1.06,-3251,-2479,-2598,-2897
1.07,-3235,-2476,-3009,-2896
1.08,-3393,-2436,-3072,-2349
1.09,-3307,-2499,-3291,-2783
1.1,-3163,-2461,-3244,-2543
1.11,-3143,-2426,-3407,-2652
1.12,-2963,-2506,-3429,-2845
1.13,-3014,-2358,-3153,-2377
1.14,-3010,-2642,-2970,-2667
1.15,-3185,-2380,-2565,-2809
1.16,-3080,-2425,-3275,-2348
1.17,-3218,-2519,-2600,-2816
1.18,-3134,-2467,-3403,-2335
1.19,-2971,-2347,-3405,-2507
1.2,-2869,-2326,-3223,-2815
1.21,-2983,-2315,-2664,-2782
1.22,-2874,-2627,-3067,-2783
1.23,-3082,-2575,-2523,-2361
1.24,-3016,-2450,-2868,-2895
1.25,-2879,-2384,-3419,-2332
1.26,-3317,-2489,-3014,-2409
1.27,-3043,-2624,-3236,-2713
1.28,-3307,-2671,-2892,-2446
1.29,-3213,-2534,-3012,-2891
1.3,-3114,-2513,-2856,-2692
1.31,-3085,-2461,-3425,-2630
1.32,-3170,-2671,-3107,-2560
1.33,-3355,-2561,-3075,-2507
1.34,-3298,-2397,-3028,-2503
1.35,-3328,-2346,-3347,-2909
1.36,-3322,-2631,-3154,-2636
1.37,-3386,-2522,-3249,-2561
1.38,-3166,-2654,-2780,-2429
1.39,-3211,-2404,-3181,-2781
1.4,-3175,-2623,-2897,-3000
1.41,-3319,-2669,-3207,-2634
1.42,-3252,-2527,-3296,-2821
1.43,-3350,-2455,-3429,-2710
1.44,-2903,-2646,-3201,-2712
1.45,-3082,-2346,-2593,-2673
1.46,-3344,-2418,-3120,-2832
1.47,-3047,-2475,-2973,-2361
1.48,-2874,-2580,-3124,-2672
1.49,-3115,-2422,-3330,-2564
1.5,-3175,-2442,-3260,-2781
1.51,-2937,-2366,-2840,-2335
1.52,-3325,-2691,-3085,-2953
1.53,-2936,-2427,-2515,-2566
1.54,-2947,-2492,-3349,-2707
1.55,-3226,-2467,-3094,-2346
1.56,-2908,-2581,-3451,-2580
1.57,-2899,-2630,-2918,-2359
1.58,-3295,-2356,-2662,-2802
1.59,-3062,-2687,-2569,-2658
1.6,-3223,-2599,-3105,-2967
1.61,-2987,-2586,-2620,-2558
1.62,-2861,-2392,-3317,-2913
1.63,-3187,-2587,-3031,-2459
1.64,-3092,-2327,-3269,-2390
1.65,-3065,-2474,-3342,-2839
1.66,-3369,-2598,-3260,-2920
1.67,-3216,-2310,-3126,-2887
1.68,-2967,-2476,-2676,-2846
1.69,-2943,-2347,-3437,-2716
1.7,-2895,-2551,-2521,-2946
1.71,-3372,-2541,-2880,-2373
1.72,-3288,-2479,-2850,-2417
1.73,-3240,-2338,-2988,-2514
1.74,-2996,-2647,-3480,-2990
1.75,-2903,-2475,-2616,-2406
1.76,-2869,-2356,-3113,-2575
1.77,-2971,-2577,-2940,-2607
1.78,-3097,-2356,-3466,-2568
1.79,-2906,-2412,-3059,-2801
1.8,-2869,-2591,-3266,-2836
1.81,-3112,-2419,-3206,-2672
1.82,-3270,-2433,-2613,-2403
1.83,-3203,-2430,-2587,-2364
1.84,-3064,-2601,-2571,-2840
1.85,-3061,-2336,-3383,-2388
1.86,-3039,-2617,-3040,-2612
1.87,-2917,-2315,-2933,-2613
1.88,-2995,-2548,-3058,-2622
1.89,-3396,-2394,-2672,-2366
1.9,-3071,-2514,-3398,-2356
1.91,-2949,-2379,-3344,-2930
1.92,-3352,-2596,-3279,-2676
1.93,-3139,-2380,-3150,-2667
1.94,-3280,-2622,-2687,-2334
1.95,-2920,-2307,-3040,-2632
1.96,-3035,-2575,-2531,-2392
1.97,-3066,-2650,-2627,-2719
1.98,-3162,-2531,-3164,-2368
1.99,-3152,-2513,-2733,-2770
2,-3186,-2365,-2821,-2821
2.01,-3050,-2315,-2765,-2653
2.02,-3239,-2482,-2960,-2553
2.03,-3265,-2537,-2821,-2612
2.04,-3060,-2487,-2526,-2823
2.05,-3077,-2566,-3152,-2344
2.06,-2957,-2459,-2654,-2310
2.07,-2997,-2627,-3475,-2877
2.08,-3072,-2356,-2773,-2345
2.09,-2924,-2516,-3277,-2475
2.1,-3325,-2306,-3035,-2952
2.11,-2928,-2661,-3292,-2399
2.12,-3391,-2676,-2660,-2420
2.13,-2978,-2322,-2548,-2398
2.14,-3212,-2685,-2844,-2787
2.15,-3375,-2464,-3159,-2483
2.16,-3217,-2314,-2677,-2518
2.17,-3023,-2402,-3483,-2337
2.18,-2990,-2556,-3495,-2964
2.19,-3093,-2304,-2814,-2520
2.2,-3351,-2498,-2995,-2664
2.21,-3263,-2401,-2793,-2330
2.22,-2868,-2619,-3371,-2321
2.23,-3289,-2410,-3224,-2853
2.24,-3067,-2333,-2890,-2722
2.25,-3007,-2626,-3403,-2400
2.26,-3232,-2347,-3470,-2714
2.27,-3157,-2527,-3278,-2496
2.28,-3015,-2397,-2699,-2957
2.29,-3015,-2333,-2878,-2353
2.3,-3142,-2383,-3447,-2860
2.31,-3305,-2561,-3315,-2335
2.32,-3331,-2603,-3256,-2835
2.33,-2998,-2467,-3397,-2776
2.34,-3336,-2644,-2801,-2974
2.35,-3014,-2564,-3092,-2447
2.36,-3337,-2333,-2877,-2773
2.37,-3303,-2600,-3411,-2496
2.38,-3368,-2513,-3373,-2684
2.39,-3269,-2532,-2541,-2352
2.4,-3291,-2509,-2963,-2441
2.41,-3317,-2372,-2893,-2690
2.42,-3277,-2445,-2712,-2527
2.43,-2882,-2577,-3007,-2427
2.44,-2886,-2604,-2831,-2623
2.45,-3226,-2633,-2878,-2685
2.46,-2973,-2477,-2510,-2510
2.47,-3136,-2510,-3382,-2912
2.48,-3037,-2522,-2835,-2344
2.49,-2972,-2555,-3355,-2932
2.5,-2976,-2575,-3096,-2784
2.51,-3148,-2577,-2518,-2756
2.52,-2868,-2383,-2915,-2735
2.53,-3275,-2459,-3135,-2826
2.54,-3111,-2360,-3450,-2300
2.55,-3073,-2664,-3489,-2806
2.56,-3152,-2322,-3049,-2686
2.57,-2856,-2546,-2779,-2444
2.58,-3012,-2686,-3045,-2680
2.59,-2897,-2613,-3198,-2757
2.6,-3173,-2373,-2957,-2863
2.61,-3324,-2545,-3031,-2927
2.62,-2957,-2380,-3498,-2576
2.63,-3325,-2509,-2590,-2731
2.64,-3394,-2608,-2609,-2508
2.65,-3291,-2608,-2920,-2340
2.66,-2969,-2455,-2810,-2984
2.67,-3012,-2653,-3014,-2683
2.68,-3170,-2671,-3310,-2943
2.69,-3192,-2699,-2777,-2898
2.7,-3298,-2646,-2930,-2910
2.71,-2997,-2697,-3195,-2813
2.72,-3193,-2440,-3447,-2898
2.73,-3330,-2672,-2815,-2539
2.74,-3371,-2657,-2970,-2371
2.75,-3009,-2601,-3232,-2840
2.76,-3313,-2342,-3300,-2589
2.77,-2903,-2575,-2941,-2931
2.78,-2982,-2381,-3093,-2393
2.79,-3082,-2499,-2723,-2457
2.8,-3011,-2303,-3471,-2955
2.81,-3182,-2614,-2648,-2712
2.82,-3067,-2590,-3086,-2818
2.83,-2991,-2417,-3098,-2495
2.84,-3361,-2361,-2988,-2674
2.85,-3289,-2640,-2709,-2860
2.86,-2963,-2523,-2540,-2419
2.87,-3100,-2578,-3324,-2458
2.88,-3356,-2654,-3409,-2638
2.89,-3357,-2690,-2879,-2586
2.9,-2855,-2443,-3399,-2849
2.91,-2957,-2542,-3175,-2832
2.92,-3172,-2471,-2572,-2865
2.93,-3036,-2518,-3037,-2832
2.94,-2851,-2503,-3281,-2858
2.95,-3054,-2371,-3350,-2473
2.96,-3296,-2390,-3054,-2611
2.97,-3174,-2520,-3494,-2970
2.98,-3016,-2396,-2665,-2946
2.99,-2916,-2363,-2794,-2655
3,-3329,-2326,-2798,-2649
3.01,-3264,-2417,-2601,-2601
3.02,-3382,-2483,-3302,-2934
3.03,-3373,-2363,-3154,-2703
3.04,-3061,-2425,-3059,-2427
3.05,-3235,-2466,-2932,-2420
3.06,-2942,-2331,-2707,-2506
3.07,-3067,-2633,-3029,-2300
3.08,-3185,-2441,-2870,-2845
3.09,-3218,-2427,-3214,-2754
3.1,-3095,-2644,-2990,-2593
3.11,-3101,-2578,-2759,-2557
3.12,-3070,-2636,-2713,-2834
3.13,-3319,-2551,-3266,-2376
3.14,-3220,-2305,-2620,-2709
3.15,-2971,-2380,-2863,-2665
3.16,-3246,-2582,-3089,-2698
3.17,-2983,-2307,-3335,-2784
3.18,-2986,-2611,-3026,-2626
3.19,-3108,-2504,-3223,-2938
3.2,-3130,-2413,-3156,-2330
3.21,-2966,-2462,-2537,-2871
3.22,-2912,-2401,-3076,-2444
3.23,-3274,-2339,-2890,-2841
3.24,-2864,-2419,-2701,-2698
3.25,-2882,-2688,-2713,-2502
3.26,-2868,-2456,-3198,-2882
3.27,-3114,-2475,-3105,-2408
3.28,-2868,-2436,-3198,-2882
3.29,-3003,-2624,-3022,-2607
3.3,-3173,-2308,-3407,-2393
3.31,-3262,-2365,-2914,-2798
3.32,-2879,-2528,-2990,-2344
3.33,-2989,-2404,-3376,-2307
3.34,-2957,-2664,-2656,-2799
3.35,-3352,-2389,-2675,-2756
3.36,-3152,-2627,-2977,-2902
3.37,-2979,-2341,-3137,-2818
3.38,-3126,-2658,-2601,-2383
3.39,-3121,-2474,-2580,-2438
3.4,-3303,-2320,-3499,-2980
3.41,-3136,-2479,-3001,-2946
3.42,-3202,-2541,-2545,-2612
3.43,-3358,-2536,-2646,-2858
3.44,-2889,-2681,-3097,-2302
3.45,-3356,-2598,-2985,-2415
3.46,-3103,-2413,-2645,-2400
3.47,-3105,-2486,-3171,-2396
3.48,-2860,-2304,-3405,-2735
3.49,-3282,-2530,-2848,-2683
3.5,-2907,-2380,-3112,-2442
3.51,-3249,-2619,-3093,-2808
3.52,-3233,-2362,-2623,-2470
3.53,-2986,-2496,-3053,-2583
3.54,-2899,-2449,-3044,-2806
3.55,-2992,-2597,-2703,-2330
3.56,-3072,-2469,-2892,-2727
3.57,-2854,-2430,-2878,-2846
3.58,-3250,-2468,-2969,-2554
3.59,-3249,-2693,-2927,-2325
3.6,-3099,-2543,-2999,-2357
3.61,-3181,-2468,-3346,-2944
3.62,-2985,-2318,-3274,-2982
3.63,-2991,-2372,-3478,-2612
3.64,-3031,-2634,-2751,-2550
3.65,-3180,-2329,-3276,-2512
3.66,-3205,-2533,-3173,-2430
3.67,-3066,-2695,-2641,-2801
3.68,-3252,-2467,-3012,-2794
3.69,-3194,-2527,-3251,-2611
3.7,-2975,-2442,-2915,-2940
3.71,-3329,-2615,-2654,-2920
3.72,-3016,-2322,-3301,-2899
3.73,-3011,-2436,-3357,-2560
3.74,-3154,-2334,-3169,-2407
3.75,-3134,-2332,-3396,-2909
3.76,-2990,-2466,-3271,-2800
3.77,-3031,-2331,-2944,-2523
3.78,-3037,-2422,-2760,-2460
3.79,-3150,-2648,-3161,-2387
3.8,-3295,-2689,-2658,-2963
3.81,-3235,-2648,-2962,-2678
3.82,-2941,-2618,-3169,-2663
3.83,-2992,-2435,-3172,-2327
3.84,-3169,-2313,-2746,-2547
3.85,-3200,-2448,-2773,-2442
3.86,-3350,-2589,-2515,-2354
3.87,-2931,-2463,-3324,-2445
3.88,-3383,-2603,-2994,-2644
3.89,-3093,-2326,-3144,-2585
3.9,-3044,-2686,-2876,-2889
3.91,-3009,-2361,-3180,-2450
3.92,-3276,-2487,-2563,-2327
3.93,-3168,-2373,-3355,-2464
3.94,-2987,-2566,-2559,-2658
3.95,-3229,-2522,-2889,-2656
3.96,-3176,-2317,-2873,-2750
3.97,-3375,-2435,-2683,-2600
3.98,-3280,-2593,-2926,-2303
3.99,-3088,-2427,-3270,-2762
4,-3043,-2562,-2742,-2641
4.01,-3235,-2448,-2911,-2830
4.02,-3121,-2435,-2982,-2346
4.03,-3379,-2447,-3455,-2698
4.04,-2966,-2608,-3059,-2481
4.05,-2990,-2583,-3437,-2731
4.06,-2856,-2425,-2918,-2901
4.07,-3015,-2449,-3080,-2524
4.08,-2947,-2653,-2579,-2829
4.09,-3246,-2408,-3201,-2941
4.1,-3132,-2452,-3150,-2625
4.11,-2889,-2628,-3467,-2935
4.12,-3302,-2659,-2569,-2757
4.13,-3337,-2630,-2795,-2878
4.14,-3283,-2364,-3368,-2803
4.15,-3278,-2340,-2967,-2735
4.16,-3092,-2603,-3469,-2571
4.17,-3387,-2520,-3107,-2956
4.18,-2997,-2529,-2640,-2409
4.19,-3100,-2330,-3251,-2338
4.2,-2859,-2659,-2807,-2962
4.21,-2885,-2397,-2518,-2871
4.22,-3173,-2619,-3412,-2890
4.23,-2853,-2317,-3291,-2403
4.24,-3269,-2547,-2526,-2484
4.25,-3186,-2404,-3401,-2561
4.26,-2909,-2489,-3005,-2657
4.27,-3287,-2637,-2781,-2382
4.28,-2883,-2359,-3365,-2400
4.29,-3006,-2611,-3274,-2748
4.3,-3373,-2318,-2745,-2314
4.31,-3230,-2407,-2852,-2373
4.32,-3013,-2681,-2692,-2616
4.33,-2936,-2317,-3070,-2600
4.34,-3400,-2628,-3348,-2663
4.35,-2981,-2450,-3103,-2442
4.36,-2850,-2435,-3492,-2726
4.37,-3314,-2429,-2598,-2612
4.38,-3180,-2456,-2784,-2603
4.39,-2938,-2363,-3164,-2327
4.4,-3062,-2417,-3131,-2416
4.41,-2899,-2402,-3018,-2520
4.42,-2894,-2337,-2719,-2389
4.43,-3170,-2647,-2905,-2339
4.44,-3380,-2529,-3160,-2319
4.45,-3190,-2397,-3297,-2821
4.46,-3057,-2397,-2635,-2368
4.47,-2961,-2529,-3339,-2353
4.48,-3236,-2488,-2675,-2394
4.49,-3309,-2393,-2587,-2443
4.5,-3332,-2490,-2754,-2462
4.51,-3199,-2453,-2981,-2543
4.52,-3288,-2464,-2893,-2991
4.53,-3128,-2641,-2692,-2521
4.54,-3126,-2621,-2578,-2488
4.55,-3258,-2400,-2873,-2562
4.56,-3024,-2501,-2651,-2541
4.57,-3135,-2464,-2814,-2444
4.58,-3203,-2559,-2783,-2967
4.59,-3297,-2316,-2764,-2650
4.6,-3014,-2380,-3316,-2522
4.61,-3169,-2695,-3206,-2937
4.62,-3042,-2660,-2606,-2974
4.63,-2923,-2390,-2703,-2391
4.64,-3014,-2672,-2950,-2348
4.65,-3298,-2439,-3103,-2865
4.66,-3156,-2406,-2612,-2922
4.67,-3210,-2318,-3421,-2935
4.68,-3277,-2534,-3087,-2593
4.69,-3090,-2595,-3134,-2734
4.7,-2950,-2301,-2759,-2835
4.71,-2908,-2579,-3221,-2717
4.72,-2986,-2308,-2975,-2378
4.73,-3348,-2403,-3120,-2798
4.74,-2905,-2571,-3292,-2694
4.75,-3120,-2544,-3083,-2442
4.76,-2868,-2504,-2847,-2628
4.77,-3132,-2492,-3175,-2736
4.78,-2921,-2651,-2791,-2423
4.79,-3044,-2344,-2821,-2586
4.8,-3247,-2612,-2925,-2826
4.81,-3124,-2671,-2966,-2503
4.82,-3037,-2308,-2646,-2529
4.83,-3350,-2479,-2572,-2442
4.84,-3133,-2508,-3007,-2571
4.85,-3212,-2308,-3089,-2301
4.86,-3204,-2527,-3187,-2943
4.87,-2942,-2312,-2968,-2373
4.88,-3196,-2617,-2860,-2748
4.89,-2887,-2405,-3003,-2607
4.9,-3389,-2379,-2856,-2538
4.91,-3066,-2331,-3276,-2724
4.92,-3298,-2542,-3163,-2764
4.93,-3386,-2394,-2658,-2984
4.94,-2966,-2499,-2994,-2370
4.95,-3189,-2410,-2981,-2764
4.96,-3327,-2449,-3139,-2342
4.97,-3100,-2642,-2942,-2551
4.98,-3183,-2506,-2840,-2603
4.99,-2915,-2589,-3178,-2538
5,-3046,-2424,-3016,-2658
5.01,-3189,-2426,-3113,-2997
5.02,-3382,-2501,-3456,-2964
5.03,-2942,-2587,-3338,-2703
5.04,-3229,-2513,-2813,-2457
5.05,-2944,-2580,-3058,-2763
5.06,-3258,-2476,-3359,-2479
5.07,-3029,-2658,-2871,-2761
5.08,-2969,-2425,-3488,-2645
5.09,-3273,-2351,-3351,-2546
5.1,-3362,-2301,-2670,-2795
5.11,-3109,-2700,-3252,-2301
5.12,-3107,-2699,-2940,-2811
5.13,-3213,-2380,-3040,-2457
5.14,-3201,-2494,-2611,-2762
5.15,-3323,-2431,-2947,-2870
5.16,-2921,-2391,-2996,-2484
5.17,-2966,-2424,-2713,-2552
5.18,-3114,-2599,-2814,-2488
5.19,-3281,-2495,-3124,-2563
5.2,-3327,-2317,-2853,-2705
5.21,-3007,-2422,-3378,-2781
5.22,-2949,-2647,-2866,-2772
5.23,-3060,-2412,-3175,-2785
5.24,-3248,-2507,-2977,-2598
5.25,-2857,-2485,-3478,-2750
5.26,-3042,-2625,-2678,-2526
5.27,-3279,-2470,-2902,-2646
5.28,-3173,-2649,-2784,-2878
5.29,-2958,-2342,-3080,-2515
5.3,-3172,-2404,-3273,-2926
5.31,-3090,-2341,-2746,-2321
5.32,-2904,-2677,-3299,-2933
5.33,-2875,-2391,-3129,-2754
5.34,-3317,-2638,-3129,-2405
5.35,-3170,-2377,-2905,-2425
5.36,-2921,-2382,-2622,-2630
5.37,-3061,-2437,-2828,-2925
5.38,-2944,-2431,-3090,-2481
5.39,-3316,-2666,-2983,-2424
5.4,-3155,-2539,-2844,-2413
5.41,-3394,-2635,-3333,-2794
5.42,-3321,-2588,-2616,-2913
5.43,-2896,-2396,-2795,-2310
5.44,-3357,-2590,-2993,-2419
5.45,-3073,-2411,-3379,-2472
5.46,-3056,-2405,-3168,-2584
5.47,-2880,-2535,-2556,-2483
5.48,-3129,-2569,-2678,-2513
5.49,-3275,-2576,-3115,-2619
5.5,-3350,-2614,-2646,-2792
5.51,-3029,-2330,-3431,-2943
5.52,-3114,-2445,-3193,-2422
5.53,-2864,-2337,-3286,-2313
5.54,-3226,-2399,-3497,-2952
5.55,-2992,-2402,-3343,-3000
5.56,-3210,-2556,-2994,-2791
5.57,-3099,-2378,-3203,-2377
5.58,-2999,-2656,-2593,-2833
5.59,-3079,-2651,-3267,-2574
5.6,-3297,-2582,-2922,-2539
5.61,-3286,-2483,-3236,-2905
5.62,-3071,-2488,-2578,-2715
5.63,-2912,-2609,-3173,-2363
5.64,-2853,-2354,-2932,-2780
5.65,-3218,-2521,-3244,-2451
5.66,-3104,-2487,-3461,-2727
5.67,-3385,-2349,-2935,-2661
5.68,-3325,-2472,-2900,-2924
5.69,-3216,-2424,-2947,-2350
5.7,-2879,-2356,-2660,-2776
5.71,-3060,-2334,-2738,-2615
5.72,-3222,-2356,-2783,-2360
5.73,-2980,-2499,-2643,-2624
5.74,-3268,-2681,-3459,-2962
5.75,-3372,-2351,-2941,-2668
5.76,-2889,-2647,-3044,-2861
5.77,-3399,-2344,-3033,-2706
5.78,-2893,-2543,-3025,-2501
5.79,-3332,-2515,-3373,-2525
5.8,-3208,-2344,-3348,-2774
5.81,-2982,-2531,-3388,-2344
5.82,-3381,-2374,-3163,-2864
5.83,-3400,-2345,-3221,-2354
5.84,-3045,-2381,-3332,-2889
5.85,-3350,-2536,-3271,-2639
5.86,-3360,-2509,-2527,-2823
5.87,-2955,-2414,-2884,-2476
5.88,-3053,-2597,-3394,-2309
5.89,-3134,-2481,-2898,-2370
5.9,-3316,-2398,-3080,-2659
5.91,-2944,-2639,-3314,-2535
5.92,-3367,-2455,-3060,-2409
5.93,-3241,-2300,-2729,-2752
5.94,-2886,-2425,-2827,-2544
5.95,-3264,-2593,-2584,-2831
5.96,-2974,-2315,-3009,-2801
5.97,-3088,-2405,-3067,-2827
5.98,-3179,-2395,-2754,-2902
5.99,-2932,-2649,-3225,-2932
6,-2973,-2614,-2775,-2862
6.01,-3076,-2670,-2822,-2405
6.02,-3186,-2370,-2762,-2702
6.03,-3251,-2653,-2995,-2706
6.04,-3357,-2509,-3048,-2757
6.05,-3322,-2431,-2571,-2439
6.06,-3049,-2455,-3419,-2787
6.07,-3336,-2495,-2680,-2462
6.08,-2853,-2536,-3161,-2413
6.09,-3133,-2395,-2673,-2739
6.1,-3010,-2668,-2786,-2394
6.11,-3374,-2518,-2889,-2814
6.12,-3377,-2320,-2776,-2401
6.13,-3212,-2415,-3202,-2958
6.14,-3122,-2329,-3289,-2444
6.15,-3242,-2472,-3274,-2778
6.16,-3026,-2617,-3132,-2563
6.17,-3049,-2687,-3043,-2637
6.18,-3231,-2413,-2614,-2605
6.19,-3033,-2300,-2918,-2980
6.2,-3176,-2505,-3260,-2555
6.21,-3163,-2525,-3029,-2823
6.22,-3342,-2692,-2661,-2484
6.23,-3302,-2395,-2581,-2480
6.24,-3158,-2304,-2931,-2738
6.25,-3327,-2355,-3447,-2986
6.26,-2884,-2447,-2804,-2679
6.27,-3211,-2444,-2795,-2411
6.28,-3065,-2621,-3080,-2620
6.29,-3222,-2321,-2868,-2369
6.3,-3369,-2668,-3283,-2530
6.31,-3299,-2341,-3157,-2991
6.32,-3094,-2559,-3184,-2583
6.33,-3032,-2457,-2844,-2828
6.34,-3158,-2558,-2802,-2796
6.35,-3221,-2548,-2620,-2338
6.36,-3029,-2698,-3159,-2813
6.37,-3167,-2313,-3454,-2726
6.38,-3371,-2302,-3004,-2756
6.39,-3289,-2397,-2529,-2847
6.4,-3025,-2350,-2811,-2860
6.41,-2908,-2543,-2716,-2934
6.42,-3081,-2669,-3368,-2950
6.43,-2907,-2332,-2531,-2694
6.44,-3331,-2586,-3290,-2623
6.45,-3095,-2646,-2968,-2990
6.46,-2993,-2574,-3102,-2439
6.47,-3117,-2550,-3394,-2934
6.48,-3060,-2675,-2820,-2325
6.49,-3204,-2345,-3345,-2757
6.5,-3014,-2368,-3482,-2613
6.51,-3239,-2337,-3454,-2461
6.52,-3001,-2386,-3390,-2584
6.53,-3385,-2605,-3377,-2677
6.54,-2918,-2629,-3030,-2608
6.55,-3356,-2399,-3175,-2901
6.56,-3101,-2536,-2891,-2983
6.57,-3197,-2534,-2815,-2808
6.58,-3301,-2485,-3231,-2786
6.59,-3311,-2481,-3171,-2572
6.6,-3085,-2344,-2720,-2401
6.61,-3229,-2571,-3353,-2733
6.62,-3290,-2419,-2995,-2967
6.63,-3299,-2441,-3106,-2962
6.64,-3038,-2480,-3476,-2621
6.65,-3004,-2505,-2605,-2654
6.66,-3139,-2457,-2947,-2605
6.67,-3279,-2451,-2704,-2935
6.68,-3166,-2654,-2838,-2450
6.69,-2941,-2537,-2518,-2344
6.7,-2862,-2490,-2632,-2873
6.71,-3070,-2696,-3366,-2970
6.72,-3101,-2359,-2616,-2963
6.73,-3272,-2637,-3223,-2764
6.74,-2969,-2360,-2592,-2475
6.75,-3192,-2598,-3437,-2736
6.76,-2899,-2610,-2744,-2505
6.77,-3145,-2640,-2748,-2865
6.78,-3290,-2534,-3245,-2858
6.79,-2995,-2609,-2741,-2918
6.8,-3273,-2340,-2628,-2747
6.81,-2880,-2669,-3487,-2423
6.82,-3090,-2417,-2904,-2719
6.83,-3145,-2672,-2706,-2981
6.84,-2930,-2597,-2889,-2442
6.85,-3305,-2649,-2837,-2741
6.86,-3141,-2454,-2748,-2750
6.87,-3106,-2553,-2829,-2416
6.88,-3111,-2429,-2536,-2940
6.89,-3361,-2696,-2584,-2641
6.9,-3098,-2307,-3127,-2935
6.91,-2931,-2462,-2558,-2354
6.92,-3113,-2400,-3015,-2665
6.93,-2909,-2593,-2501,-2447
6.94,-3042,-2421,-2901,-2889
6.95,-2947,-2449,-2902,-2866
6.96,-3389,-2304,-3356,-2355
6.97,-3303,-2333,-3481,-2790
6.98,-2963,-2671,-2917,-2329
6.99,-3314,-2446,-2533,-2456
7,-3094,-2652,-2861,-2672
7.01,-2999,-2463,-3195,-2631
7.02,-3123,-2682,-3424,-2752
7.03,-3053,-2676,-2808,-2969
7.04,-3352,-2675,-2659,-2382
7.05,-3363,-2483,-3258,-2570
7.06,-3020,-2687,-2692,-2617
7.07,-3025,-2503,-3318,-2398
7.08,-3261,-2465,-2720,-2374
7.09,-3039,-2596,-2535,-2355
7.1,-3223,-2517,-2535,-2590
7.11,-3218,-2694,-3136,-2980
7.12,-2928,-2393,-3193,-2861
7.13,-3362,-2300,-2957,-2944
7.14,-2949,-2654,-3030,-2757
7.15,-3147,-2329,-2649,-2991
7.16,-3178,-2301,-3430,-2941
7.17,-3135,-2568,-2702,-2703
7.18,-3277,-2634,-3028,-2574
7.19,-2965,-2640,-2912,-2675
7.2,-3272,-2626,-2927,-2346
7.21,-2947,-2516,-2583,-2522
7.22,-2942,-2374,-2683,-2837
7.23,-3373,-2697,-3115,-2556
7.24,-3155,-2439,-3214,-2802
7.25,-3139,-2657,-3471,-2300
7.26,-2943,-2682,-3384,-2534
7.27,-3039,-2335,-2574,-2634
7.28,-3151,-2452,-3367,-2963
7.29,-3314,-2378,-2726,-2910
7.3,-3079,-2547,-2609,-2637
7.31,-3255,-2686,-3482,-2978
7.32,-2885,-2660,-3355,-2789
7.33,-3207,-2694,-2977,-2388
7.34,-3259,-2435,-2784,-2955
7.35,-2935,-2307,-2509,-2518
7.36,-3196,-2415,-3394,-2333
7.37,-2866,-2578,-2606,-2672
7.38,-3070,-2366,-3409,-2708
7.39,-3020,-2541,-2724,-2455
7.4,-3153,-2353,-3010,-2418
7.41,-3242,-2482,-2568,-2579
7.42,-2856,-2501,-2666,-2888
7.43,-3096,-2528,-2650,-2322
7.44,-2929,-2597,-2889,-2739
7.45,-3200,-2432,-3259,-2491
7.46,-3096,-2495,-2750,-2604
7.47,-3067,-2486,-2767,-2904
7.48,-3356,-2683,-2835,-2888
7.49,-3341,-2658,-2649,-2959
7.5,-2864,-2458,-2627,-2786
7.51,-3191,-2669,-2628,-2989
7.52,-3356,-2571,-2551,-2870
7.53,-3163,-2521,-2668,-2773
7.54,-3044,-2463,-2959,-2605
7.55,-3296,-2363,-3148,-2498
7.56,-3102,-2530,-3463,-2821
7.57,-3337,-2379,-2973,-2373
7.58,-2885,-2645,-3319,-2963
7.59,-3017,-2399,-3255,-2684
7.6,-2929,-2327,-3197,-2702
7.61,-3365,-2610,-3009,-2595
7.62,-3099,-2447,-3299,-2385
7.63,-3102,-2627,-3049,-2332
7.64,-3043,-2544,-2965,-2900
7.65,-3270,-2424,-3297,-2432
7.66,-3085,-2661,-3288,-2499
7.67,-2972,-2644,-2792,-2540
7.68,-2860,-2376,-2970,-2702
7.69,-3310,-2353,-3436,-2531
7.7,-3247,-2538,-3158,-2626
7.71,-2986,-2601,-2678,-2876
7.72,-2999,-2641,-2767,-2589
7.73,-2917,-2616,-3414,-2337
7.74,-3145,-2345,-2699,-2640
7.75,-3058,-2345,-3417,-2901
7.76,-2911,-2394,-2851,-2532
7.77,-3277,-2487,-2935,-2477
7.78,-2925,-2613,-2528,-2380
7.79,-2972,-2438,-3359,-2315
7.8,-3180,-2323,-3122,-2621
7.81,-3334,-2484,-2957,-2851
7.82,-3308,-2485,-2619,-2820
7.83,-3096,-2429,-3500,-2964
7.84,-2898,-2583,-2550,-2455
7.85,-3083,-2451,-3381,-2804
7.86,-3369,-2516,-2597,-2939
7.87,-3368,-2619,-3286,-2452
7.88,-3030,-2516,-3465,-2435
7.89,-2970,-2675,-2814,-2520
7.9,-3163,-2452,-2907,-2411
7.91,-3231,-2595,-2784,-2860
7.92,-3137,-2517,-2899,-2607
7.93,-2858,-2395,-2911,-2800
7.94,-3051,-2378,-3380,-2500
7.95,-3081,-2653,-2645,-2548
7.96,-3331,-2342,-2545,-2404
7.97,-3311,-2587,-3085,-2342
7.98,-3355,-2592,-2633,-2789
7.99,-3157,-2390,-3264,-2619
8,-2950,-2668,-2793,-2932
8.01,-3228,-2516,-2921,-2836
8.02,-2957,-2486,-3372,-2847
8.03,-3282,-2337,-2895,-2766
8.04,-2905,-2662,-2805,-2865
8.05,-3117,-2499,-2934,-2926
8.06,-3182,-2405,-2623,-2314
8.07,-3057,-2554,-2987,-2990
8.08,-3397,-2450,-2658,-2305
8.09,-3214,-2674,-3439,-2926
8.1,-3247,-2471,-2947,-2556
8.11,-2863,-2571,-2500,-2538
8.12,-3241,-2645,-2779,-2881
8.13,-3331,-2482,-3015,-2313
8.14,-3365,-2330,-3297,-2822
8.15,-3233,-2576,-3488,-2787
8.16,-3223,-2604,-2652,-2489
8.17,-3346,-2349,-2912,-2996
8.18,-3193,-2351,-2715,-2809
8.19,-3363,-2431,-3409,-2628
8.2,-2992,-2352,-2555,-2889
8.21,-2910,-2384,-3307,-2496
8.22,-2953,-2664,-3129,-2925
8.23,-3075,-2352,-2853,-2832
8.24,-3294,-2530,-3471,-2660
8.25,-3093,-2506,-3039,-2410
8.26,-3066,-2300,-2725,-2441
8.27,-2915,-2399,-2552,-2805
8.28,-3050,-2538,-3412,-2335
8.29,-2943,-2521,-2913,-2698
8.3,-2903,-2354,-3496,-2545
8.31,-3261,-2390,-2646,-2951
8.32,-3238,-2370,-2766,-2565
8.33,-3089,-2654,-2829,-2691
8.34,-3127,-2324,-3029,-2841
8.35,-2960,-2446,-2887,-2722
8.36,-3343,-2558,-2541,-2682
8.37,-3027,-2519,-2901,-2417
8.38,-3183,-2463,-2820,-2655
8.39,-3369,-2429,-2687,-2439
8.4,-3123,-2526,-2564,-2993
8.41,-3072,-2365,-3065,-2570
8.42,-3301,-2569,-2924,-2960
8.43,-3357,-2389,-2908,-2401
8.44,-3340,-2499,-2715,-2776
8.45,-3216,-2486,-3044,-2522
8.46,-3054,-2692,-3493,-2358
8.47,-2951,-2677,-2930,-2448
8.48,-3259,-2565,-3322,-2573
8.49,-3360,-2555,-2650,-2967
8.5,-3156,-2467,-2635,-2348
8.51,-2986,-2533,-2894,-2850
8.52,-3109,-2647,-3063,-2768
8.53,-2858,-2503,-2687,-2473
8.54,-2911,-2650,-3118,-2415
8.55,-2949,-2462,-3027,-2501
8.56,-3092,-2410,-2699,-2823
8.57,-3057,-2532,-2512,-2463
8.58,-2894,-2602,-3129,-2670
8.59,-3302,-2344,-2641,-2655
8.6,-2939,-2455,-2694,-2397
8.61,-3151,-2437,-3176,-2818
8.62,-3060,-2309,-3150,-2425
8.63,-3146,-2492,-3156,-2346
8.64,-3320,-2464,-2503,-2809
8.65,-3273,-2443,-3468,-2801
8.66,-3059,-2665,-3369,-2477
8.67,-3302,-2632,-3144,-2506
8.68,-3250,-2538,-3001,-2531
8.69,-3006,-2342,-2826,-2910
8.7,-3102,-2581,-2874,-2922
8.71,-3342,-2656,-3129,-2971
8.72,-3251,-2567,-2718,-2575
8.73,-3142,-2528,-2898,-2399
8.74,-3274,-2609,-3121,-2865
8.75,-2853,-2533,-2554,-2499
8.76,-3257,-2476,-3124,-2624
8.77,-3251,-2562,-3204,-2526
8.78,-3159,-2471,-2966,-2506
8.79,-2897,-2693,-3225,-2806
8.8,-2862,-2347,-2886,-2829
8.81,-3116,-2638,-2634,-2438
8.82,-3089,-2531,-3218,-2562
8.83,-2857,-2519,-3282,-2805
8.84,-3000,-2370,-3267,-2484
8.85,-3084,-2614,-2656,-2470
8.86,-2897,-2344,-2692,-2305
8.87,-2873,-2454,-2814,-2450
8.88,-3103,-2482,-3014,-2689
8.89,-3367,-2436,-2578,-2721
8.9,-3051,-2654,-2545,-2819
8.91,-3095,-2616,-2549,-2808
8.92,-3368,-2527,-3170,-2897
8.93,-3106,-2536,-2890,-2680
8.94,-3275,-2352,-2630,-2651
8.95,-3157,-2431,-2636,-2850
8.96,-3185,-2457,-2934,-2368
8.97,-3202,-2618,-3211,-2912
8.98,-2907,-2452,-3362,-2309
8.99,-3100,-2428,-2906,-2545
9,-3220,-2403,-2830,-2777
9.01,-3100,-2468,-3177,-2493
9.02,-2950,-2497,-3251,-2703
9.03,-2931,-2668,-2885,-2921
9.04,-3330,-2503,-2816,-2769
9.05,-3133,-2646,-2528,-2482
9.06,-3062,-2467,-2643,-2645
9.07,-3291,-2546,-2670,-2951
9.08,-2915,-2349,-3226,-2635
9.09,-3315,-2592,-2896,-2479
9.1,-3066,-2466,-2548,-2949
9.11,-2942,-2402,-2589,-2770
9.12,-3340,-2491,-3335,-2327
9.13,-3275,-2565,-2634,-2925
9.14,-3202,-2521,-2609,-2329
9.15,-3119,-2340,-3485,-2950
9.16,-3319,-2356,-3064,-2617
9.17,-3263,-2428,-3085,-2511
9.18,-3270,-2647,-2636,-2845
9.19,-3142,-2501,-2565,-2490
9.2,-3062,-2428,-2851,-2324
9.21,-3120,-2400,-3310,-2877
9.22,-3397,-2528,-3057,-2446
9.23,-3130,-2493,-2855,-2514
9.24,-2912,-2498,-2916,-2391
9.25,-3380,-2616,-3491,-2461
9.26,-3266,-2361,-2544,-2905
9.27,-3341,-2681,-2900,-2305
9.28,-3397,-2410,-2778,-2639
9.29,-3279,-2684,-2953,-2680
9.3,-3214,-2607,-2778,-2525
9.31,-3236,-2622,-2860,-2356
9.32,-3112,-2445,-3209,-2747
9.33,-3074,-2363,-2848,-2570
9.34,-2953,-2476,-3500,-2600
9.35,-3328,-2562,-2951,-2906
9.36,-3271,-2417,-3100,-2449
9.37,-2971,-2679,-2957,-2847
9.38,-3260,-2323,-2984,-2475
9.39,-3373,-2427,-2575,-2424
9.4,-3090,-2492,-2841,-2946
9.41,-3276,-2630,-2995,-2843
9.42,-3045,-2679,-2885,-2933
9.43,-3106,-2657,-3226,-2737
9.44,-3134,-2349,-3008,-2693
9.45,-2938,-2409,-2871,-2521
9.46,-2895,-2316,-3430,-2330
9.47,-3006,-2581,-3308,-2806
9.48,-3022,-2630,-2557,-2865
9.49,-3089,-2511,-2884,-2799
9.5,-3025,-2670,-2845,-2546
9.51,-2982,-2517,-3214,-2572
9.52,-3256,-2525,-3060,-2742
9.53,-3218,-2537,-2817,-2951
9.54,-3347,-2471,-2612,-2429
9.55,-3031,-2634,-2810,-2768
9.56,-3209,-2495,-2690,-2358
9.57,-2950,-2680,-2676,-2384
9.58,-2982,-2344,-3154,-2582
9.59,-3249,-2500,-3056,-2327
9.6,-3136,-2516,-3331,-2684
9.61,-3138,-2418,-2961,-2715
9.62,-2866,-2442,-3006,-2952
9.63,-3127,-2577,-2917,-2844
9.64,-2997,-2601,-3126,-2882
9.65,-2901,-2358,-3054,-2767
9.66,-3164,-2413,-2617,-2516
9.67,-3160,-2614,-3102,-2920
9.68,-2892,-2302,-3290,-2758
9.69,-3010,-2438,-3207,-2789
9.7,-2850,-2393,-2583,-2939
9.71,-3217,-2678,-3087,-2808
9.72,-2994,-2528,-2516,-2915
9.73,-3057,-2427,-2663,-2529
9.74,-3379,-2543,-3228,-2763
9.75,-3119,-2423,-2814,-2966
9.76,-3334,-2482,-2810,-2724
9.77,-3280,-2662,-3185,-2496
9.78,-2935,-2559,-3011,-2850
9.79,-3339,-2397,-2646,-2994
9.8,-2938,-2496,-2937,-2363
9.81,-3056,-2453,-2932,-2649
9.82,-3065,-2308,-3285,-2967
9.83,-3377,-2403,-3171,-2651
9.84,-2854,-2531,-2710,-2465
9.85,-2860,-2444,-3071,-2346
9.86,-2883,-2437,-3303,-2947
9.87,-3211,-2356,-2821,-2675
9.88,-3372,-2698,-2598,-2989
9.89,-3330,-2676,-3116,-2622
9.9,-2951,-2642,-3459,-2556
9.91,-3316,-2445,-2546,-2607
9.92,-3172,-2469,-2851,-2909
9.93,-3395,-2697,-2695,-2750
9.94,-3047,-2308,-3258,-2386
9.95,-3229,-2362,-2660,-2815
9.96,-3396,-2316,-3377,-2425
9.97,-3356,-2675,-2827,-2409
9.98,-3063,-2603,-3239,-2986
9.99,-3322,-2436,-3089,-2850
10,-3247,-2629,-3273,-2639
10.01,-3164,-2391,-3288,-2691
10.02,-3395,-2317,-2639,-2375
10.03,-3304,-2622,-2536,-2618
10.04,-3040,-2523,-3083,-2402
10.05,-3333,-2557,-2689,-2398
10.06,-3274,-2344,-3334,-2473
10.07,-3142,-2416,-2908,-2613
10.08,-3213,-2314,-3282,-2453
10.09,-2945,-2503,-3332,-2754
10.1,-3387,-2449,-2915,-2655
10.11,-3321,-2366,-3051,-2691
10.12,-3385,-2693,-2996,-2372
10.13,-3331,-2415,-2809,-2333
10.14,-3025,-2544,-3149,-2841
10.15,-3029,-2531,-2977,-2734
10.16,-2970,-2635,-2621,-2497
10.17,-3340,-2341,-2754,-2762
10.18,-2945,-2369,-3070,-2397
10.19,-3199,-2612,-2518,-2973
10.2,-3084,-2319,-3422,-2904
10.21,-2908,-2505,-3300,-2609
10.22,-3302,-2685,-3283,-2869
10.23,-2956,-2393,-2516,-2343
10.24,-2895,-2443,-2640,-2956
10.25,-3333,-2437,-2868,-2731
10.26,-2904,-2405,-2667,-2986
10.27,-3026,-2624,-3000,-2969
10.28,-3003,-2462,-3154,-2536
10.29,-3092,-2528,-3247,-2925
10.3,-3267,-2623,-3059,-2808
10.31,-2988,-2665,-3252,-2614
10.32,-3239,-2663,-2961,-2314
10.33,-3377,-2617,-3234,-2584
10.34,-3138,-2429,-2775,-2546
10.35,-3155,-2540,-2892,-2301
10.36,-3202,-2301,-3297,-2494
10.37,-3005,-2455,-2785,-2519
10.38,-3066,-2365,-2826,-2771
10.39,-2856,-2676,-3297,-2792
10.4,-2997,-2555,-3027,-2438
10.41,-2923,-2388,-3114,-2552
10.42,-3049,-2505,-3327,-2553
10.43,-2950,-2529,-2672,-2430
10.44,-3011,-2399,-3008,-2359
10.45,-3165,-2358,-2849,-2652
10.46,-3293,-2377,-3356,-2436
10.47,-3168,-2617,-2942,-2612
10.48,-3262,-2582,-3144,-2841
10.49,-3098,-2361,-2832,-2415
10.5,-3185,-2330,-2600,-2813
10.51,-3273,-2423,-2531,-2588
10.52,-2878,-2576,-3158,-2841
10.53,-3078,-2668,-3092,-2817
10.54,-2891,-2613,-2904,-2320
10.55,-3080,-2364,-3208,-2380
10.56,-3292,-2541,-3356,-2519
10.57,-2999,-2436,-2788,-2873
10.58,-3151,-2325,-3299,-2446
10.59,-3338,-2516,-2646,-2440
10.6,-3357,-2670,-3330,-2798
10.61,-3345,-2693,-2507,-2884
10.62,-3269,-2546,-2699,-2600
10.63,-3260,-2614,-3405,-2510
10.64,-3258,-2655,-2560,-2606
10.65,-3373,-2685,-3056,-2485
10.66,-2956,-2559,-2946,-2348
10.67,-3127,-2433,-2764,-2483
10.68,-3271,-2661,-2920,-2446
10.69,-3272,-2335,-3057,-3000
10.7,-2970,-2649,-2798,-2719
10.71,-3312,-2561,-2740,-2544
10.72,-3238,-2340,-2696,-2933
10.73,-2952,-2418,-2536,-2820
10.74,-2977,-2529,-2672,-2349
10.75,-3277,-2601,-3350,-2863
10.76,-3137,-2334,-3137,-2375
10.77,-2895,-2301,-3206,-2748
10.78,-3173,-2388,-2886,-2748
10.79,-3173,-2462,-2693,-2630
10.8,-3268,-2516,-2855,-2919
10.81,-3383,-2677,-2872,-2577
10.82,-3153,-2389,-3429,-2949
10.83,-3338,-2386,-3475,-2539
10.84,-3081,-2581,-2721,-2963
10.85,-3093,-2425,-2827,-2627
10.86,-3318,-2676,-2986,-2599
10.87,-2861,-2345,-2507,-2794
10.88,-3077,-2538,-2733,-2505
10.89,-2917,-2522,-3338,-2569
10.9,-3051,-2448,-2817,-2330
10.91,-3381,-2313,-2990,-2948
10.92,-3256,-2355,-2609,-2357
10.93,-3193,-2605,-3266,-2459
10.94,-2977,-2444,-2888,-2730
10.95,-2850,-2653,-3218,-2977
10.96,-3223,-2345,-2621,-2399
10.97,-2920,-2578,-3371,-2416
10.98,-3312,-2397,-3215,-2302
10.99,-2911,-2690,-2860,-2930
11,-3301,-2313,-2954,-2507
11.01,-3085,-2309,-3309,-2870
11.02,-3379,-2440,-3487,-2967
11.03,-2935,-2366,-2815,-2607
11.04,-3128,-2546,-2515,-2399
11.05,-3396,-2628,-3325,-2624
11.06,-3012,-2661,-3377,-2692
11.07,-2877,-2475,-2853,-2643
11.08,-3375,-2396,-2719,-2507
11.09,-3384,-2383,-3064,-2515
11.1,-2919,-2305,-2859,-2560
11.11,-2931,-2379,-2992,-2754
11.12,-3062,-2479,-2960,-2627
11.13,-2899,-2575,-2924,-2574
11.14,-2938,-2539,-2536,-2671
11.15,-2874,-2676,-3014,-2497
11.16,-2952,-2334,-3324,-2558
11.17,-3036,-2570,-3416,-2991
11.18,-3111,-2667,-3055,-2482
11.19,-3292,-2520,-3492,-2817
11.2,-2974,-2673,-2669,-2526
11.21,-2865,-2349,-2732,-2997
11.22,-3090,-2386,-3064,-2878
11.23,-3133,-2663,-2887,-2457
11.24,-3124,-2654,-2577,-2659
11.25,-2952,-2459,-3249,-2359
11.26,-2891,-2575,-3136,-2626
11.27,-2861,-2656,-3411,-2793
11.28,-3112,-2469,-3233,-2373
11.29,-2879,-2617,-3189,-2827
11.3,-3193,-2348,-3318,-2648
11.31,-2971,-2638,-2784,-2311
11.32,-2869,-2425,-3325,-2680
11.33,-3391,-2400,-3229,-2479
11.34,-3324,-2323,-2957,-2748
11.35,-3174,-2456,-3162,-2609
11.36,-3368,-2459,-2945,-2406
11.37,-3365,-2620,-2734,-2320
11.38,-3009,-2511,-2941,-2696
11.39,-3154,-2375,-3314,-2925
11.4,-2925,-2380,-3472,-2967
11.41,-3092,-2651,-2808,-2323
11.42,-3168,-2675,-3263,-2699
11.43,-2865,-2509,-3129,-2537
11.44,-3278,-2356,-3373,-2455
11.45,-3267,-2449,-2589,-2608
11.46,-2937,-2430,-3466,-2618
11.47,-3058,-2307,-3198,-2354
11.48,-3210,-2678,-2878,-2893
11.49,-3238,-2350,-2646,-2917
11.5,-3109,-2335,-3106,-2901
11.51,-2974,-2403,-3187,-2698
11.52,-2914,-2385,-2726,-2881
11.53,-2927,-2500,-2559,-2532
11.54,-3109,-2689,-3260,-2917
11.55,-2978,-2639,-2947,-2300
11.56,-3147,-2627,-2700,-2353
11.57,-3339,-2526,-3164,-2700
11.58,-3241,-2485,-2884,-2308
11.59,-3124,-2614,-2727,-2602
11.6,-3156,-2658,-2792,-2970
11.61,-3376,-2514,-2894,-2646
11.62,-2957,-2322,-2745,-2737
11.63,-3048,-2401,-3050,-2652
11.64,-2883,-2425,-3496,-2720
11.65,-2964,-2456,-2845,-2391
11.66,-2858,-2468,-3223,-2934
11.67,-3383,-2374,-3284,-2309
11.68,-3226,-2585,-2721,-2807
11.69,-3315,-2494,-2679,-2594
11.7,-3195,-2335,-2822,-2683
11.71,-2952,-2655,-2505,-2535
11.72,-3090,-2428,-3057,-2333
11.73,-2943,-2441,-2738,-2574
11.74,-2999,-2620,-3187,-2656
11.75,-3352,-2665,-3033,-2800
11.76,-3265,-2406,-2774,-2590
11.77,-2892,-2690,-2650,-2320
11.78,-3335,-2473,-2545,-2480
11.79,-3013,-2377,-2601,-2427
11.8,-2975,-2410,-3119,-2310
11.81,-3217,-2623,-3018,-2969
11.82,-3087,-2539,-2546,-2924
11.83,-2921,-2651,-3498,-2370
11.84,-2951,-2301,-2806,-2570
11.85,-3312,-2399,-2769,-2470
11.86,-3101,-2625,-2685,-2734
11.87,-2851,-2512,-3098,-2567
11.88,-3056,-2483,-2892,-2793
11.89,-2989,-2645,-2504,-2929
11.9,-3233,-2341,-3444,-2528
11.91,-2936,-2645,-3093,-2792
11.92,-2991,-2662,-3414,-2672
11.93,-3172,-2536,-2936,-2794
11.94,-2926,-2443,-2705,-2860
11.95,-2975,-2486,-3099,-2316
11.96,-3039,-2528,-3062,-2609
11.97,-3032,-2676,-2680,-2654
11.98,-3329,-2345,-2939,-2711
11.99,-2876,-2535,-2585,-2802
12,-2860,-2383,-2907,-2845
12.01,-3112,-2573,-2572,-2545
12.02,-3345,-2525,-2784,-2579
12.03,-3264,-2335,-3225,-2915
12.04,-3257,-2478,-3457,-2713
12.05,-2896,-2511,-2633,-2805
12.06,-3012,-2617,-2760,-2432
12.07,-3244,-2302,-2520,-2628
12.08,-3256,-2554,-2568,-2695
12.09,-2863,-2428,-2535,-2832
12.1,-3131,-2610,-2973,-2325
12.11,-2909,-2499,-2730,-2751
12.12,-2936,-2428,-3288,-2935
12.13,-3048,-2626,-3110,-2760
12.14,-3122,-2613,-2882,-2377
12.15,-3055,-2487,-2851,-2864
12.16,-3244,-2347,-3096,-2922
12.17,-3382,-2448,-3122,-2402
12.18,-3165,-2697,-2857,-2544
12.19,-3117,-2634,-3382,-2332
12.2,-2924,-2567,-3277,-2393
12.21,-3165,-2416,-2657,-2950
12.22,-3060,-2598,-2833,-2901
12.23,-3379,-2623,-3050,-2970
12.24,-2871,-2643,-2834,-2619
12.25,-2884,-2338,-2921,-2970
12.26,-3290,-2568,-2732,-2467
12.27,-3301,-2531,-2818,-2802
12.28,-3109,-2377,-2832,-2474
12.29,-3338,-2383,-3390,-2766
12.3,-3210,-2469,-3277,-2901
12.31,-3338,-2394,-2604,-2630
12.32,-3170,-2382,-2515,-2455
12.33,-3068,-2431,-3346,-2543
12.34,-3045,-2455,-2866,-2751
12.35,-3366,-2332,-3083,-2822
12.36,-3371,-2348,-2838,-2803
12.37,-3122,-2526,-2660,-2954
12.38,-3117,-2649,-3329,-2613
12.39,-3331,-2352,-2629,-2931
12.4,-2998,-2621,-2878,-2841
12.41,-2867,-2575,-3395,-2718
12.42,-3107,-2655,-2816,-2308
12.43,-3218,-2451,-3183,-2858
12.44,-2916,-2406,-2840,-2915
12.45,-2850,-2484,-3059,-2434
12.46,-3040,-2478,-3045,-2443
12.47,-3393,-2393,-2758,-2678
12.48,-2914,-2366,-3124,-2927
12.49,-3200,-2422,-3240,-2499
12.5,-3132,-2493,-3294,-2302
12.51,-3012,-2422,-2959,-2778
12.52,-2869,-2380,-2940,-2385
12.53,-2982,-2341,-2895,-2967
12.54,-3345,-2691,-2739,-2768
12.55,-3035,-2432,-2694,-2426
12.56,-3286,-2416,-3255,-2688
12.57,-3364,-2410,-2823,-2353
12.58,-3273,-2410,-2815,-2973
12.59,-3356,-2400,-3478,-2311
12.6,-3096,-2691,-2705,-2982
12.61,-3056,-2307,-2776,-2503
12.62,-2978,-2669,-3006,-2351
12.63,-2993,-2448,-2690,-2438
12.64,-3123,-2521,-3400,-2521
12.65,-3198,-2576,-3106,-2978
12.66,-3046,-2521,-2824,-2429
12.67,-3286,-2390,-3028,-2644
12.68,-2904,-2381,-3342,-2759
12.69,-3141,-2361,-3380,-2886
12.7,-2957,-2533,-3098,-2928
12.71,-3246,-2411,-3413,-2849
12.72,-3181,-2542,-3231,-2524
12.73,-3164,-2463,-3354,-2335
12.74,-3170,-2604,-2615,-2822
12.75,-3388,-2638,-2507,-2927
12.76,-3063,-2632,-2533,-2990
12.77,-3346,-2319,-2591,-2983
12.78,-3256,-2401,-2873,-2393
12.79,-3263,-2461,-3352,-2331
12.8,-3178,-2498,-3258,-2503
12.81,-3311,-2511,-2607,-2953
12.82,-2892,-2592,-2827,-2778
12.83,-3069,-2405,-3004,-2737
12.84,-3381,-2636,-3151,-2855
12.85,-2942,-2317,-3037,-2938
12.86,-3390,-2369,-2772,-2539
12.87,-3328,-2648,-3062,-2364
12.88,-3256,-2664,-2756,-2763
12.89,-2884,-2575,-2946,-2424
12.9,-3017,-2638,-3434,-2746
12.91,-3291,-2342,-2941,-2781
12.92,-3177,-2684,-3430,-2493
12.93,-3231,-2381,-2808,-2970
12.94,-3159,-2376,-2856,-2408
12.95,-2918,-2630,-2518,-2605
12.96,-3326,-2511,-3354,-2978
12.97,-2971,-2388,-3453,-2314
12.98,-2926,-2529,-2789,-2483
12.99,-2861,-2348,-3390,-2852
13,-3037,-2373,-3126,-2345
13.01,-3314,-2308,-2952,-2712
13.02,-3329,-2308,-2978,-2744
13.03,-3170,-2620,-2657,-2748
13.04,-3275,-2374,-2663,-2507
13.05,-3226,-2627,-2534,-2970
13.06,-2981,-2644,-3244,-2399
13.07,-3133,-2398,-2951,-2565
13.08,-2918,-2562,-3431,-2965
13.09,-2982,-2302,-3199,-2961
13.1,-2886,-2528,-3311,-2976
13.11,-3244,-2444,-3323,-2618
13.12,-2893,-2409,-2963,-2707
13.13,-3270,-2316,-3286,-2350
13.14,-3203,-2485,-3493,-2496
13.15,-2948,-2429,-2803,-2399
13.16,-3356,-2347,-2791,-2562
13.17,-3365,-2548,-3333,-2305
13.18,-2980,-2356,-2544,-2333
13.19,-3241,-2406,-3121,-2928
13.2,-3331,-2598,-2816,-2778
13.21,-3086,-2440,-2583,-2421
13.22,-2936,-2602,-3401,-2362
13.23,-3150,-2536,-2770,-2417
13.24,-3327,-2563,-2574,-2615
13.25,-3184,-2603,-2642,-2334
13.26,-3368,-2337,-2747,-2875
13.27,-2857,-2312,-2942,-2738
13.28,-2993,-2686,-3474,-2848
13.29,-3314,-2590,-3463,-2878
13.3,-3175,-2372,-3061,-2454
13.31,-3295,-2579,-3376,-2355
13.32,-2932,-2454,-3474,-2765
13.33,-3046,-2646,-2687,-2871
13.34,-2868,-2622,-3139,-2711
13.35,-3276,-2377,-2539,-2529
13.36,-3255,-2440,-2995,-2465
13.37,-3367,-2576,-3197,-2349
13.38,-3013,-2668,-3145,-2984
13.39,-3354,-2551,-2517,-2847
13.4,-3076,-2687,-3425,-2914
13.41,-3089,-2529,-2645,-2881
13.42,-3353,-2319,-3115,-2341
13.43,-2878,-2583,-3462,-2822
13.44,-2873,-2413,-3327,-2764
13.45,-3294,-2368,-3493,-2544
13.46,-3335,-2452,-3178,-2422
13.47,-3393,-2426,-2816,-2816
13.48,-2882,-2320,-3456,-2599
13.49,-3065,-2389,-3322,-2823
13.5,-3344,-2343,-2756,-2604
13.51,-3370,-2510,-3483,-2791
13.52,-3320,-2327,-3489,-2547
13.53,-2938,-2359,-3082,-2780
13.54,-3209,-2674,-2632,-2413
13.55,-3151,-2370,-2749,-2316
13.56,-3398,-2459,-2654,-2376
13.57,-3288,-2567,-2626,-2798
13.58,-3322,-2402,-3465,-2879
13.59,-3061,-2543,-3498,-2437
13.6,-3019,-2576,-2623,-2528
13.61,-3395,-2489,-2707,-2950
13.62,-2858,-2614,-3298,-2976
13.63,-2899,-2511,-2731,-2392
13.64,-3058,-2666,-2753,-2381
13.65,-2874,-2694,-2509,-2567
13.66,-2915,-2444,-2589,-2350
13.67,-3089,-2416,-2630,-2439
13.68,-2915,-2416,-2863,-2767
13.69,-3093,-2300,-3025,-2761
13.7,-3340,-2326,-2955,-2799
13.71,-3239,-2624,-2515,-2998
13.72,-3247,-2336,-2834,-2597
13.73,-3103,-2513,-3419,-2723
13.74,-2947,-2541,-3119,-2674
13.75,-3214,-2445,-3295,-2980
13.76,-3316,-2402,-3485,-2808
13.77,-3129,-2654,-3307,-2760
13.78,-3380,-2401,-2527,-2587
13.79,-3141,-2680,-3003,-2825
13.8,-3118,-2592,-3039,-2948
13.81,-2981,-2606,-3367,-2754
13.82,-3338,-2315,-3054,-2517
13.83,-3201,-2576,-2753,-2952
13.84,-2886,-2502,-3485,-2403
13.85,-3051,-2407,-3289,-2347
13.86,-3303,-2316,-2573,-2881
13.87,-2919,-2458,-2608,-2487
13.88,-3206,-2601,-2696,-2863
13.89,-3048,-2506,-3221,-2891
13.9,-3143,-2305,-2535,-2722
13.91,-3222,-2609,-3271,-2866
13.92,-3235,-2682,-3461,-2705
13.93,-3276,-2321,-3323,-2609
13.94,-2871,-2548,-2854,-2379
13.95,-3376,-2638,-2659,-2516
13.96,-2868,-2618,-3392,-2446
13.97,-3177,-2571,-2544,-2388
13.98,-3005,-2363,-3252,-2521
13.99,-3348,-2508,-2901,-2954
14,-3319,-2528,-2688,-2364
14.01,-3328,-2531,-3124,-2484
14.02,-3293,-2604,-3101,-2353
14.03,-3085,-2374,-3065,-2592
14.04,-3044,-2602,-2793,-2978
14.05,-3131,-2520,-3063,-2770
14.06,-2933,-2554,-2530,-2884
14.07,-3061,-2561,-3467,-2876
14.08,-3372,-2574,-2950,-2794
14.09,-3216,-2649,-2982,-2817
14.1,-3316,-2586,-2995,-2508
14.11,-3096,-2356,-2855,-2430
14.12,-2948,-2444,-3461,-2506
14.13,-3162,-2598,-3034,-2356
14.14,-3039,-2579,-2937,-2603
14.15,-3177,-2406,-2717,-2506
14.16,-3211,-2700,-3214,-2610
14.17,-2974,-2672,-3126,-2304
14.18,-3073,-2661,-3224,-2776
14.19,-2939,-2384,-3188,-2986
14.2,-3314,-2364,-2587,-2603
14.21,-3271,-2414,-3136,-2816
14.22,-3167,-2306,-3290,-2902
14.23,-2922,-2455,-2786,-2888
14.24,-3252,-2679,-2735,-2925
14.25,-3171,-2384,-3089,-2781
14.26,-3157,-2606,-3145,-2939
14.27,-3255,-2681,-3323,-2340
14.28,-3148,-2351,-3132,-2543
14.29,-3103,-2616,-2564,-2909
14.3,-3002,-2480,-3414,-2785
14.31,-2955,-2313,-2873,-2414
14.32,-2970,-2354,-2838,-2700
14.33,-3082,-2373,-3133,-2575
14.34,-3243,-2475,-2923,-2381
14.35,-3154,-2638,-3382,-2926
14.36,-3130,-2602,-3168,-2444
14.37,-3277,-2354,-3305,-2947
14.38,-3314,-2343,-2559,-2599
14.39,-3000,-2688,-3000,-2575
14.4,-3395,-2314,-3231,-2766
14.41,-3203,-2675,-3487,-2430
14.42,-2913,-2581,-2872,-2510
14.43,-3280,-2426,-3189,-2792
14.44,-3067,-2582,-2786,-2651
14.45,-2929,-2569,-3091,-2691
14.46,-3103,-2594,-3054,-2672
14.47,-2857,-2624,-2821,-2370
14.48,-3335,-2627,-2738,-2460
14.49,-2953,-2649,-3371,-2873
14.5,-3090,-2438,-3162,-2841
14.51,-3372,-2470,-3022,-2828
14.52,-3006,-2494,-2909,-2908
14.53,-3323,-2630,-3330,-2399
14.54,-2873,-2570,-2916,-2486
14.55,-2981,-2534,-2613,-2818
14.56,-3062,-2319,-3432,-2774
14.57,-2939,-2346,-3319,-2790
14.58,-3084,-2368,-2845,-2438
14.59,-2903,-2331,-2917,-2348
14.6,-3325,-2391,-2506,-2580
14.61,-3354,-2670,-3404,-2436
14.62,-3195,-2312,-3296,-2792
14.63,-3130,-2392,-3257,-2765
14.64,-3081,-2489,-2852,-2741
14.65,-2974,-2489,-3401,-2520
14.66,-3063,-2502,-3192,-2560
14.67,-2915,-2565,-2606,-2985
14.68,-3392,-2620,-2740,-2757
14.69,-3281,-2642,-3049,-2450
14.7,-3079,-2580,-3293,-2928
14.71,-3167,-2631,-3237,-2388
14.72,-3325,-2506,-2504,-2923
14.73,-3321,-2336,-2591,-2801
14.74,-2960,-2329,-3401,-2614
14.75,-2899,-2503,-2660,-2831
14.76,-3258,-2357,-3346,-2578
14.77,-3075,-2644,-2879,-2923
14.78,-3160,-2555,-3355,-2960
14.79,-3146,-2455,-3459,-2413
14.8,-2948,-2344,-2702,-2722
14.81,-3292,-2649,-3132,-2624
14.82,-3349,-2363,-3475,-2996
14.83,-3248,-2514,-2649,-2786
14.84,-3399,-2311,-2762,-2523
14.85,-3215,-2315,-2848,-2934
14.86,-2857,-2678,-2544,-2361
14.87,-3306,-2595,-2609,-2714
14.88,-3104,-2349,-2538,-2798
14.89,-2963,-2579,-3473,-2959
14.9,-2959,-2598,-3412,-2481
14.91,-2884,-2458,-2992,-2722
14.92,-3400,-2597,-2733,-2373
14.93,-2868,-2678,-3038,-2447
14.94,-3371,-2621,-3025,-2370
14.95,-3325,-2487,-2555,-2851
14.96,-2894,-2340,-2864,-2872
14.97,-3231,-2470,-3209,-2358
14.98,-2970,-2474,-3015,-2477
14.99,-2924,-2562,-3264,-2335
15,-3106,-2638,-2596,-2597
15.01,-2977,-2500,-3451,-2752
15.02,-3194,-2654,-2585,-2755
15.03,-3081,-2322,-2879,-2535
15.04,-3294,-2395,-2756,-2843
15.05,-3330,-2356,-3022,-2527
15.06,-3267,-2510,-2578,-2429
15.07,-3181,-2690,-2726,-2913
15.08,-3120,-2535,-2873,-2729
15.09,-3361,-2594,-3259,-2348
15.1,-3259,-2479,-3042,-2652
15.11,-3090,-2604,-2588,-2944
15.12,-3232,-2552,-3486,-2812
15.13,-3049,-2614,-3470,-2716
15.14,-3084,-2619,-2687,-2460
15.15,-2895,-2625,-3316,-2644
15.16,-3260,-2304,-2580,-2692
15.17,-3287,-2562,-2510,-2618
15.18,-3296,-2322,-3236,-2725
15.19,-3305,-2606,-2914,-2630
15.2,-3197,-2637,-3365,-2835
15.21,-3259,-2376,-3229,-2849
15.22,-3051,-2365,-2829,-2910
15.23,-2903,-2489,-2928,-2662
15.24,-3094,-2301,-2731,-2817
15.25,-3119,-2313,-3158,-2386
15.26,-3285,-2395,-3426,-2615
15.27,-2867,-2390,-2824,-2663
15.28,-3386,-2672,-2991,-2804
15.29,-3230,-2494,-3189,-2869
15.3,-3277,-2397,-2740,-2669
15.31,-3381,-2573,-2512,-2465
15.32,-3201,-2434,-2717,-2933
15.33,-3050,-2698,-3238,-2979
15.34,-3116,-2669,-3265,-2339
15.35,-3299,-2497,-2507,-2898
15.36,-3320,-2328,-3359,-2824
15.37,-3178,-2430,-2575,-2392
15.38,-3035,-2471,-3148,-2304
15.39,-2952,-2566,-2519,-2710
15.4,-3054,-2410,-2969,-2653
15.41,-2868,-2692,-3477,-2604
15.42,-3254,-2553,-2938,-2323
15.43,-3379,-2633,-2527,-2516
15.44,-2924,-2438,-3376,-2665
15.45,-2984,-2480,-3232,-2512
15.46,-3132,-2488,-3215,-2410
15.47,-2961,-2366,-2564,-2579
15.48,-3154,-2567,-2614,-2354
15.49,-3066,-2383,-3301,-2843
15.5,-3356,-2377,-2882,-2856
15.51,-3280,-2467,-3131,-2795
15.52,-3213,-2625,-2543,-2333
15.53,-3022,-2595,-2759,-2735
15.54,-3097,-2413,-2500,-2960
15.55,-3111,-2512,-3064,-2801
15.56,-3175,-2459,-3424,-2880
15.57,-3069,-2416,-3095,-2633
15.58,-3171,-2623,-3439,-2522
15.59,-3322,-2447,-3099,-2375
15.6,-3249,-2489,-3330,-2569
15.61,-2991,-2398,-2507,-2687
15.62,-3149,-2427,-2699,-2444
15.63,-3107,-2534,-3405,-2699
15.64,-3085,-2389,-2560,-2982
15.65,-3335,-2652,-3056,-2469
15.66,-3335,-2585,-2946,-2443
15.67,-2954,-2581,-2764,-2483
15.68,-3393,-2367,-2920,-2558
15.69,-2854,-2659,-3057,-2621
15.7,-3148,-2626,-2798,-2605
15.71,-3158,-2448,-2740,-2715
15.72,-2862,-2486,-2696,-2491
15.73,-2901,-2395,-2536,-2630
15.74,-3364,-2681,-2672,-2696
15.75,-3128,-2492,-3350,-2710
15.76,-3278,-2514,-3137,-2408
15.77,-3194,-2502,-3206,-2925
15.78,-3048,-2424,-2886,-2961
15.79,-2866,-2476,-2693,-2564
15.8,-3153,-2682,-2855,-2612
15.81,-2935,-2648,-2872,-2407
15.82,-3393,-2387,-3429,-2589
15.83,-3241,-2351,-3475,-2852
15.84,-2883,-2378,-2721,-2527
15.85,-3297,-2700,-2827,-2440
15.86,-2963,-2528,-2986,-2904
15.87,-3306,-2312,-2507,-2941
15.88,-3020,-2620,-2733,-2577
15.89,-3068,-2460,-3338,-2561
15.9,-2956,-2314,-2817,-2394
15.91,-3087,-2674,-2990,-2328
15.92,-3327,-2664,-2609,-2795
15.93,-3315,-2505,-3266,-2445
15.94,-3263,-2341,-2888,-2889
15.95,-3183,-2384,-3218,-2508
15.96,-3096,-2572,-2621,-2789
15.97,-2984,-2556,-3371,-2930
15.98,-3358,-2381,-3215,-2942
15.99,-3027,-2658,-2860,-2834
16,-3043,-2363,-2954,-2653
16.01,-3193,-2401,-3309,-2552
16.02,-2955,-2579,-3487,-2570
16.03,-2886,-2448,-2815,-2702
16.04,-3143,-2578,-2515,-2592
16.05,-2861,-2466,-3325,-2777
16.06,-3033,-2648,-3377,-2619
16.07,-2896,-2568,-2853,-2984
16.08,-3188,-2397,-2719,-2911
16.09,-2886,-2552,-3064,-2980
16.1,-3389,-2638,-2859,-2354
16.11,-3157,-2479,-2992,-2629
16.12,-3036,-2367,-2960,-2751
16.13,-2988,-2693,-2924,-2701
16.14,-3134,-2478,-2536,-2773
16.15,-2964,-2619,-3014,-2387
16.16,-3134,-2344,-3324,-2703
16.17,-2892,-2579,-3416,-2569
16.18,-3183,-2359,-3055,-2551
16.19,-3284,-2467,-3492,-2731
16.2,-3330,-2514,-2669,-2529
16.21,-2982,-2682,-2732,-2524
16.22,-3230,-2543,-3064,-2686
16.23,-2856,-2545,-2887,-2772
16.24,-3314,-2567,-2577,-2958
16.25,-3228,-2623,-3249,-2639
16.26,-3226,-2529,-3136,-2725
16.27,-2905,-2666,-3411,-2732
16.28,-2932,-2672,-3233,-2658
16.29,-3132,-2452,-3189,-2463
16.3,-2900,-2527,-3318,-2795
16.31,-3314,-2509,-2784,-2605
16.32,-3070,-2313,-3325,-2463
16.33,-2954,-2464,-3229,-2480
16.34,-3185,-2439,-2957,-2573
16.35,-3117,-2349,-3162,-2372
16.36,-3160,-2503,-2945,-2861
16.37,-3326,-2572,-2734,-2535
16.38,-2862,-2422,-2941,-2947
16.39,-3076,-2577,-3314,-2661
16.4,-3102,-2493,-3472,-2997
16.41,-3388,-2437,-2808,-2435
16.42,-3044,-2363,-3263,-2781
16.43,-3145,-2452,-3129,-2666
16.44,-2942,-2512,-3373,-2667
16.45,-3393,-2527,-2589,-2374
16.46,-3076,-2402,-3466,-2618
16.47,-3239,-2529,-3198,-2699
16.48,-3105,-2387,-2878,-2803
16.49,-3175,-2367,-2646,-2337
16.5,-3247,-2676,-3106,-2682
16.51,-2971,-2380,-3187,-2504
16.52,-3028,-2513,-2726,-2760
16.53,-3325,-2433,-2559,-2645
16.54,-3375,-2601,-3260,-2323
16.55,-3224,-2496,-2947,-2522
16.56,-2906,-2480,-2700,-2662
16.57,-3281,-2579,-3164,-2831
16.58,-3155,-2359,-2884,-2496
16.59,-3235,-2499,-2727,-2662
16.6,-2979,-2447,-2792,-2492
16.61,-3021,-2366,-2894,-2949
16.62,-3208,-2321,-2745,-2542
16.63,-2952,-2558,-3050,-2613
16.64,-3377,-2636,-3496,-2479
16.65,-3246,-2444,-2845,-2720
16.66,-3211,-2566,-3223,-2766
16.67,-3206,-2524,-3284,-2738
16.68,-3078,-2628,-2721,-2466
16.69,-3017,-2620,-2679,-2318
16.7,-3198,-2478,-2822,-2843
16.71,-2889,-2583,-2505,-2528
16.72,-2924,-2636,-3057,-2821
16.73,-3349,-2454,-2738,-2311
16.74,-3231,-2678,-3187,-2494
16.75,-3334,-2459,-3033,-2748
16.76,-2912,-2355,-2774,-2327
16.77,-2896,-2388,-2650,-2627
16.78,-3306,-2588,-2545,-2491
16.79,-2916,-2657,-2601,-2998
16.8,-3116,-2690,-3119,-2864
16.81,-2929,-2498,-3018,-2993
16.82,-3211,-2347,-2546,-2760
16.83,-3385,-2469,-3498,-2577
16.84,-3262,-2578,-2806,-2534
16.85,-2914,-2573,-2769,-2697
16.86,-3124,-2486,-2685,-2798
16.87,-2893,-2561,-3098,-2588
16.88,-3250,-2683,-2892,-2965
16.89,-2897,-2534,-2504,-2815
16.9,-3154,-2492,-3444,-2593
16.91,-3040,-2520,-3093,-2708
16.92,-2886,-2610,-3414,-2892
16.93,-3045,-2645,-2936,-2599
16.94,-3372,-2509,-2705,-2837
16.95,-3007,-2413,-3099,-2388
16.96,-3250,-2588,-3062,-2527
16.97,-3349,-2517,-2680,-2960
16.98,-2873,-2571,-2939,-2942
16.99,-2932,-2314,-2585,-2976
17,-3120,-2340,-2907,-2871
17.01,-2957,-2335,-2572,-2488
17.02,-2900,-2568,-2784,-2809
17.03,-3344,-2422,-3225,-2453
17.04,-3365,-2675,-3457,-2866
17.05,-3308,-2542,-2633,-2979
17.06,-3244,-2682,-2760,-2529
17.07,-2900,-2627,-2520,-2316
17.08,-3285,-2317,-2568,-2850
17.09,-3002,-2487,-2535,-2927
17.1,-2937,-2481,-2973,-2397
17.11,-3254,-2487,-2730,-2303
17.12,-3081,-2459,-3288,-2588
17.13,-3204,-2339,-3110,-2304
17.14,-3000,-2381,-2882,-2390
17.15,-3113,-2372,-2851,-2696
17.16,-2998,-2573,-3096,-2382
17.17,-2910,-2552,-3122,-2410
17.18,-3311,-2310,-2857,-2751
17.19,-2903,-2346,-3382,-2758
17.2,-2867,-2432,-3277,-2411
17.21,-3292,-2482,-2657,-2541
17.22,-3358,-2345,-2833,-2481
17.23,-3201,-2686,-3050,-2480
17.24,-3020,-2459,-2834,-2963
17.25,-3181,-2407,-2921,-3000
17.26,-2874,-2582,-2732,-2302
17.27,-3262,-2363,-2818,-2646
17.28,-2896,-2463,-2832,-2868
17.29,-3122,-2691,-3390,-2969
17.3,-3131,-2667,-3277,-2675
17.31,-3015,-2663,-2604,-2928
17.32,-3350,-2604,-2515,-2369
17.33,-3158,-2491,-3346,-2585
17.34,-3195,-2597,-2866,-2411
17.35,-3113,-2363,-3083,-2606
17.36,-3395,-2612,-2838,-2315
17.37,-2864,-2688,-2660,-2843
17.38,-3067,-2360,-3329,-2795
17.39,-3034,-2553,-2629,-2690
17.4,-3321,-2452,-2878,-2988
17.41,-3213,-2615,-3395,-2678
17.42,-3120,-2688,-2816,-2459
17.43,-2895,-2432,-3183,-2474
17.44,-3166,-2658,-2840,-2578
17.45,-3308,-2611,-3059,-2849
17.46,-3268,-2610,-3045,-2918
17.47,-3258,-2595,-2758,-2502
17.48,-3178,-2336,-3124,-2869
17.49,-3382,-2660,-3240,-2327
17.5,-3333,-2513,-3294,-2478
17.51,-3142,-2663,-2959,-2933
17.52,-3182,-2471,-2940,-2881
17.53,-3058,-2562,-2895,-2920
17.54,-2927,-2616,-2739,-2508
17.55,-2931,-2612,-2694,-2555
17.56,-3170,-2603,-3255,-2659
17.57,-3188,-2383,-2823,-2884
17.58,-3299,-2347,-2815,-2393
17.59,-2875,-2480,-3478,-2394
17.6,-3262,-2495,-2705,-2806
17.61,-2881,-2407,-2776,-2730
17.62,-3156,-2306,-3006,-2418
17.63,-2921,-2617,-2690,-2880
17.64,-3312,-2354,-3400,-2610
17.65,-3148,-2560,-3106,-2996
17.66,-3236,-2387,-2824,-2359
17.67,-2967,-2417,-3028,-2723
17.68,-3292,-2605,-3342,-2917
17.69,-2982,-2588,-3380,-2686
17.7,-3380,-2467,-3098,-2831
17.71,-2991,-2470,-3413,-2431
17.72,-3129,-2466,-3231,-2389
17.73,-3115,-2630,-3354,-2386
17.74,-2986,-2488,-2615,-2996
17.75,-2967,-2514,-2507,-2731
17.76,-3292,-2383,-2533,-2443
17.77,-2850,-2534,-2591,-2390
17.78,-3377,-2527,-2873,-2379
17.79,-3229,-2305,-3352,-2726
17.8,-2938,-2545,-3258,-2803
17.81,-3271,-2483,-2607,-2583
17.82,-3298,-2602,-2827,-2331
17.83,-3213,-2501,-3004,-2546
17.84,-3319,-2571,-3151,-2416
17.85,-3204,-2698,-3037,-2640
17.86,-3058,-2517,-2772,-2340
17.87,-2955,-2374,-3062,-2314
17.88,-3208,-2689,-2756,-2979
17.89,-3056,-2370,-2946,-2551
17.9,-3004,-2557,-3434,-2891
17.91,-3391,-2632,-2941,-2590
17.92,-3154,-2618,-3430,-2928
17.93,-3385,-2450,-2808,-2850
17.94,-3400,-2620,-2856,-2498
17.95,-3062,-2522,-2518,-2647
17.96,-3299,-2500,-3354,-2490
17.97,-3187,-2652,-3453,-2355
17.98,-2984,-2379,-2789,-2492
17.99,-3389,-2566,-3390,-2780
18,-2895,-2563,-3126,-2791
18.01,-3222,-2672,-2952,-2306
18.02,-2881,-2522,-2978,-2930
18.03,-3113,-2634,-2657,-2812
18.04,-3084,-2577,-2663,-2838
18.05,-2963,-2648,-2534,-2791
18.06,-3106,-2646,-3244,-2573
18.07,-2984,-2308,-2951,-2710
18.08,-3210,-2455,-3431,-2427
18.09,-3320,-2652,-3199,-2970
18.1,-3200,-2535,-3311,-2539
18.11,-3335,-2471,-3323,-2484
18.12,-3069,-2320,-2963,-2959
18.13,-3273,-2422,-3286,-2586
18.14,-3312,-2517,-3493,-2686
18.15,-3095,-2446,-2803,-2887
18.16,-2972,-2578,-2791,-2477
18.17,-3390,-2301,-3333,-2417
18.18,-3092,-2506,-2544,-2984
18.19,-3110,-2445,-3121,-2746
18.2,-3221,-2612,-2816,-2850
18.21,-3396,-2572,-2583,-2680
18.22,-3373,-2525,-3401,-2896
18.23,-3282,-2445,-2770,-2752
18.24,-3281,-2530,-2574,-2750
18.25,-3018,-2459,-2642,-2892
18.26,-3011,-2665,-2747,-2804
18.27,-3117,-2412,-2942,-2851
18.28,-3058,-2502,-3474,-2682
18.29,-3377,-2629,-3463,-2566
18.3,-3209,-2441,-3061,-2507
18.31,-3160,-2603,-3376,-2503
18.32,-3267,-2571,-3474,-2691
18.33,-3105,-2599,-2687,-2649
18.34,-3328,-2473,-3139,-2500
18.35,-3201,-2353,-2539,-2562
18.36,-2927,-2385,-2995,-2675
18.37,-2929,-2504,-3197,-2698
18.38,-3305,-2510,-3145,-2365
18.39,-2884,-2560,-2517,-2918
18.4,-2987,-2447,-3425,-2654
18.41,-3184,-2541,-2645,-2789
18.42,-3313,-2650,-3115,-2998
18.43,-2965,-2648,-3462,-2579
18.44,-2855,-2691,-3327,-2678
18.45,-3165,-2646,-3493,-2473
18.46,-3313,-2553,-3178,-2455
18.47,-3219,-2590,-2816,-2314
18.48,-3305,-2345,-3456,-2549
18.49,-3168,-2326,-3322,-2522
18.5,-2877,-2585,-2756,-2416
18.51,-3349,-2655,-3483,-2765
18.52,-2902,-2369,-3489,-2407
18.53,-2987,-2518,-3082,-2469
18.54,-3393,-2466,-2632,-2548
18.55,-3018,-2438,-2749,-2680
18.56,-3203,-2519,-2654,-2607
18.57,-3182,-2374,-2626,-2901
18.58,-2947,-2480,-3465,-2990
18.59,-3168,-2423,-3498,-2355
18.6,-3009,-2651,-2623,-2876
18.61,-3039,-2351,-2707,-2827
18.62,-3088,-2528,-3298,-2999
18.63,-3021,-2357,-2731,-2563
18.64,-3394,-2317,-2753,-2306
18.65,-3329,-2644,-2509,-2765
18.66,-3184,-2440,-2589,-2931
18.67,-3213,-2476,-2630,-2689
18.68,-3120,-2534,-2863,-2693
18.69,-3361,-2425,-3025,-2359
18.7,-3275,-2313,-2955,-2888
18.71,-3296,-2301,-2515,-2401
18.72,-2885,-2700,-2834,-2348
18.73,-3149,-2446,-3419,-2735
18.74,-2994,-2680,-3119,-2609
18.75,-2943,-2639,-3295,-2719
18.76,-3174,-2404,-3485,-2867
18.77,-2852,-2578,-3307,-2926
18.78,-3357,-2316,-2527,-2484
18.79,-3066,-2508,-3003,-2557
18.8,-2999,-2536,-3039,-2369
18.81,-3314,-2593,-3367,-2524
18.82,-3215,-2537,-3054,-2537
18.83,-2910,-2557,-2753,-2631
18.84,-3324,-2541,-3485,-2450
18.85,-3119,-2671,-3289,-2315
18.86,-2986,-2425,-2573,-2732
18.87,-3305,-2538,-2608,-2575
18.88,-3108,-2507,-2696,-2715
18.89,-2934,-2584,-3221,-2522
18.9,-2984,-2395,-2535,-2984
18.91,-3323,-2502,-3271,-2903
18.92,-2911,-2482,-3461,-2820
18.93,-2946,-2619,-3323,-2514
18.94,-2992,-2605,-2854,-2486
18.95,-2999,-2565,-2659,-2444
18.96,-2998,-2352,-3392,-2420
18.97,-3160,-2414,-2544,-2527
18.98,-3087,-2343,-3252,-2513
18.99,-3077,-2660,-2901,-2778
19,-3352,-2565,-2688,-2512
19.01,-2944,-2625,-3124,-2589
19.02,-3101,-2638,-3101,-2918
19.03,-2883,-2611,-3065,-2600
19.04,-3190,-2485,-2793,-2950
19.05,-3352,-2495,-3063,-2960
19.06,-3115,-2465,-2530,-2506
19.07,-3152,-2697,-3467,-2863
19.08,-3312,-2623,-2950,-2402
19.09,-2950,-2536,-2982,-2829
19.1,-3312,-2404,-2995,-2497
19.11,-2856,-2478,-2855,-2638
19.12,-2882,-2314,-3461,-2797
19.13,-3164,-2340,-3034,-2411
19.14,-3013,-2505,-2937,-2436
19.15,-3173,-2413,-2717,-2473
19.16,-3160,-2368,-3214,-2911
19.17,-3193,-2438,-3126,-2930
19.18,-2999,-2680,-3224,-2306
19.19,-3327,-2388,-3188,-2931
19.2,-3127,-2341,-2587,-2737
19.21,-2914,-2681,-3136,-2565
19.22,-2867,-2502,-3290,-2487
19.23,-2867,-2425,-2786,-2775
19.24,-3265,-2361,-2735,-2950
19.25,-3389,-2648,-3089,-2510
19.26,-3122,-2309,-3145,-2493
19.27,-3107,-2565,-3323,-2798
19.28,-2958,-2566,-3132,-2417
19.29,-3366,-2550,-2564,-2655
19.3,-2969,-2633,-3414,-2948
19.31,-3352,-2595,-2873,-2658
19.32,-3226,-2527,-2838,-2621
19.33,-2928,-2562,-3133,-2492
19.34,-3267,-2491,-2923,-2715
19.35,-3217,-2472,-3382,-2497
19.36,-2883,-2530,-3168,-2773
19.37,-3087,-2548,-3305,-2727
19.38,-3217,-2590,-2559,-2477
19.39,-2986,-2638,-3000,-2558
19.4,-2948,-2664,-3231,-2635
19.41,-2988,-2637,-3487,-2761
19.42,-2931,-2478,-2872,-2585
19.43,-2909,-2513,-3189,-2885
19.44,-2885,-2562,-2786,-2724
19.45,-3377,-2645,-3091,-2933
19.46,-3103,-2509,-3054,-2776
19.47,-3117,-2315,-2821,-2346
19.48,-3279,-2600,-2738,-2710
19.49,-3232,-2313,-3371,-2492
19.5,-3009,-2324,-3162,-2546
19.51,-3344,-2622,-3022,-2577
19.52,-2993,-2445,-2909,-2779
19.53,-3055,-2617,-3330,-2973
19.54,-3126,-2348,-2916,-2783
19.55,-3172,-2522,-2613,-2646
19.56,-3350,-2664,-3432,-2832
19.57,-3251,-2393,-3319,-2907
19.58,-3305,-2528,-2845,-2564
19.59,-3238,-2323,-2917,-2683
19.6,-3354,-2520,-2506,-2746
19.61,-3127,-2424,-3404,-2396
19.62,-2985,-2688,-3296,-2407
19.63,-3063,-2593,-3257,-2708
19.64,-3078,-2479,-2852,-2448
19.65,-3042,-2577,-3401,-2326
19.66,-3067,-2451,-3192,-2556
19.67,-2925,-2507,-2606,-2930
19.68,-3392,-2471,-2740,-2822
19.69,-3360,-2505,-3049,-2555
19.7,-2990,-2341,-3293,-2990
19.71,-3148,-2507,-3237,-2995
19.72,-2996,-2546,-2504,-2374
19.73,-3363,-2433,-2591,-2811
19.74,-3305,-2570,-3401,-2741
19.75,-3314,-2685,-2660,-2625
19.76,-2868,-2463,-3346,-2308
19.77,-3301,-2694,-2879,-2783
19.78,-2998,-2392,-3355,-2355
19.79,-3204,-2301,-3459,-2501
19.8,-3067,-2519,-2702,-2532
19.81,-2885,-2382,-3132,-2396
19.82,-3379,-2488,-3475,-2892
19.83,-2962,-2688,-2649,-2836
19.84,-2986,-2653,-2762,-2555
19.85,-3039,-2660,-2848,-2924
19.86,-2875,-2476,-2544,-2373
19.87,-2911,-2665,-2609,-2386
19.88,-3324,-2353,-2538,-2998
19.89,-3121,-2696,-3022,-2326
19.9,-3037,-2401,-2909,-2496
19.91,-2961,-2486,-3330,-2325
19.92,-3049,-2669,-2916,-2612
19.93,-3011,-2303,-2613,-2758
19.94,-3062,-2458,-3432,-2629
19.95,-3357,-2459,-3319,-2676
19.96,-2963,-2522,-2845,-2689
19.97,-3033,-2580,-2917,-2491
19.98,-3246,-2435,-3022,-2591
19.99,-3255,-2447,-2909,-2644
20,-3033,-2435,-3330,-2496
