Time,LowNoiseDis100,LowNoiseDis200,HighNoiseDis100,HighNoiseDis200
0.01,-6207,-3890,-6863,-3663
0.02,-6121,-3918,-6760,-4106
0.03,-5964,-4115,-6843,-3959
0.04,-5862,-3794,-5902,-5362
0.05,-5847,-3663,-6352,-4149
0.06,-5794,-4664,-6715,-4891
0.07,-5859,-3745,-5607,-5063
0.08,-6245,-4239,-6326,-4280
0.09,-6155,-4323,-6551,-5457
0.1,-6159,-3777,-6248,-5476
0.11,-6091,-4431,-6999,-4596
0.12,-6362,-4591,-5839,-3744
0.13,-6010,-4702,-5914,-5273
0.14,-6114,-4318,-6244,-4945
0.15,-6251,-4579,-5675,-3262
0.16,-5898,-3685,-6727,-4003
0.17,-6236,-4020,-6072,-3329
0.18,-6299,-4691,-6508,-3791
0.19,-6141,-4448,-6036,-4088
0.2,-6370,-4593,-5796,-4154
0.21,-5869,-3696,-5590,-5184
0.22,-6450,-4471,-6153,-3243
0.23,-6425,-4375,-5633,-4327
0.24,-6478,-4052,-5694,-5199
0.25,-6222,-4455,-6909,-3713
0.26,-6377,-4368,-5524,-3270
0.27,-5861,-4304,-5924,-4065
0.28,-6192,-4499,-6575,-4565
0.29,-5772,-3884,-6481,-4606
0.3,-6076,-4163,-6722,-4508
0.31,-6009,-4237,-5968,-5318
0.32,-5931,-4291,-6299,-4713
0.33,-6371,-4409,-6190,-5153
0.34,-6264,-3939,-6955,-5133
0.35,-6051,-4310,-5628,-4927
0.36,-5973,-4587,-6770,-5034
0.37,-6375,-4529,-5768,-5446
0.38,-5948,-4139,-6340,-4348
0.39,-6354,-3863,-6401,-4848
0.4,-5872,-4195,-6320,-4367
0.41,-6389,-3673,-6383,-5142
0.42,-6228,-4558,-6703,-5029
0.43,-6323,-4025,-6057,-3794
0.44,-5756,-3934,-6253,-3712
0.45,-6004,-4577,-6815,-3984
0.46,-6392,-4322,-6684,-4205
0.47,-5949,-4463,-6514,-5086
0.48,-5882,-4305,-6146,-5196
0.49,-6013,-3890,-6517,-3685
0.5,-6107,-4369,-6532,-4820
0.51,-5986,-4743,-6419,-4862
0.52,-5882,-3726,-5972,-4772
0.53,-6151,-3651,-6618,-4326
0.54,-5968,-4540,-5900,-3766
0.55,-5818,-3950,-6877,-3414
0.56,-6451,-4354,-5870,-4260
0.57,-6302,-4254,-6049,-5001
0.58,-5849,-3878,-6059,-4816
0.59,-6414,-3956,-6719,-3461
0.6,-6204,-3887,-6625,-4946
0.61,-6275,-3770,-5571,-4727
0.62,-5810,-4238,-6821,-3760
0.63,-6400,-4276,-6691,-3814
0.64,-6059,-4604,-6679,-4974
0.65,-5904,-4542,-6659,-4644
0.66,-6425,-4268,-5870,-3504
0.67,-6210,-3924,-6572,-3686
0.68,-5870,-4174,-6401,-3875
0.69,-5812,-4329,-6941,-4584
0.7,-6454,-4748,-5966,-3853
0.71,-6331,-3830,-6528,-3379
0.72,-6483,-4662,-6987,-3997
0.73,-5988,-4191,-6744,-3476
0.74,-5801,-4736,-5531,-3386
0.75,-5949,-4416,-5669,-3359
0.76,-6494,-4023,-5901,-4373
0.77,-5770,-3683,-6214,-3730
0.78,-5920,-3795,-5535,-4019
0.79,-6180,-3775,-6317,-4391
0.8,-5753,-4140,-6042,-5250
0.81,-6076,-3699,-6463,-4951
0.82,-6439,-4012,-6830,-3825
0.83,-6500,-4436,-6106,-3637
0.84,-6399,-4455,-6523,-4962
0.85,-6147,-3764,-5723,-4254
0.86,-6300,-4460,-6745,-3252
0.87,-5905,-4338,-5818,-4690
0.88,-6037,-4627,-5879,-3816
0.89,-6131,-3723,-6359,-4211
0.9,-5930,-3659,-6627,-4340
0.91,-6344,-4599,-6070,-3526
0.92,-6351,-4624,-6762,-3810
0.93,-5881,-4407,-6642,-5140
0.94,-6394,-3945,-6577,-5283
0.95,-6124,-3965,-6226,-3490
0.96,-5769,-4312,-5785,-4468
0.97,-6335,-4457,-6415,-5315
0.98,-6099,-4189,-6495,-4045
0.99,-6293,-4326,-5723,-5073
1,-6189,-4523,-5809,-3240
1.01,-6326,-3667,-5753,-4706
1.02,-6329,-4513,-6254,-5165
1.03,-6161,-4628,-6600,-4332
1.04,-6004,-4151,-6823,-5483
1.05,-5942,-4641,-5955,-3364
1.06,-6461,-3789,-6659,-5082
1.07,-5768,-3692,-6148,-5259
1.08,-5843,-4512,-6755,-5444
1.09,-5844,-4205,-6483,-5176
1.1,-6484,-4510,-6075,-3549
1.11,-5810,-3766,-6809,-4247
1.12,-5899,-4481,-6800,-4629
1.13,-6029,-3931,-5667,-4227
1.14,-6193,-3753,-6526,-4450
1.15,-6497,-3965,-6149,-3564
1.16,-6414,-4515,-6328,-3915
1.17,-6109,-4310,-6498,-3735
1.18,-6020,-3868,-5953,-4747
1.19,-5757,-3876,-5823,-3329
1.2,-5795,-3832,-5846,-4168
1.21,-6308,-3659,-6300,-5492
1.22,-5863,-3783,-6194,-3620
1.23,-6082,-4364,-6881,-4387
1.24,-5826,-3778,-6152,-3280
1.25,-5768,-3838,-6587,-3784
1.26,-6379,-4224,-6771,-3849
1.27,-6143,-4089,-6283,-5253
1.28,-6381,-4399,-6262,-5246
1.29,-6075,-4283,-6098,-4496
1.3,-6461,-4594,-5729,-5311
1.31,-6187,-4345,-5642,-4754
1.32,-6467,-4599,-6185,-4950
1.33,-6383,-4460,-6739,-4675
1.34,-6058,-3967,-6986,-5281
1.35,-6061,-4542,-6054,-5299
1.36,-6215,-4530,-6939,-4918
1.37,-6487,-4466,-6006,-3427
1.38,-6413,-3723,-5606,-4709
1.39,-6145,-4402,-6400,-4083
1.4,-5915,-3707,-6503,-3317
1.41,-6095,-4046,-5835,-4720
1.42,-5899,-3710,-6784,-5144
1.43,-6299,-4282,-6916,-5433
1.44,-6366,-4143,-6004,-4617
1.45,-6018,-4437,-6074,-4574
1.46,-5926,-4326,-6731,-4250
1.47,-6453,-4453,-6891,-3579
1.48,-5832,-4592,-5736,-3656
1.49,-5886,-3867,-6760,-3952
1.5,-6325,-4058,-6169,-4707
1.51,-5992,-4416,-6477,-4807
1.52,-6256,-4278,-5850,-4883
1.53,-6247,-3849,-5594,-4220
1.54,-5948,-4520,-6157,-4164
1.55,-6038,-4230,-6463,-4689
1.56,-5986,-3994,-5904,-4624
1.57,-6061,-4456,-5618,-3369
1.58,-6181,-3945,-6090,-4361
1.59,-6223,-3668,-5542,-3612
1.6,-6442,-4559,-6331,-4421
1.61,-6226,-4214,-5591,-4507
1.62,-6271,-4636,-6018,-3995
1.63,-5854,-4564,-6376,-3715
1.64,-6464,-3971,-6714,-3223
1.65,-6077,-4372,-5785,-4691
1.66,-5881,-4097,-6864,-3889
1.67,-5773,-3738,-6966,-4868
1.68,-5828,-4537,-6209,-4110
1.69,-5806,-3893,-6413,-4439
1.7,-6137,-4156,-6750,-4531
1.71,-6500,-4306,-5583,-4207
1.72,-5860,-4325,-6865,-4053
1.73,-5827,-4661,-6280,-5425
1.74,-5854,-3916,-6671,-3306
1.75,-6135,-3850,-6787,-4015
1.76,-6319,-4411,-6157,-5021
1.77,-6462,-4499,-5949,-5129
1.78,-6328,-4728,-6214,-4224
1.79,-5921,-4143,-6638,-3955
1.8,-6465,-4135,-6475,-3455
1.81,-6177,-4036,-6591,-4201
1.82,-5795,-4650,-5852,-3627
1.83,-6331,-3666,-5673,-4431
1.84,-5977,-4593,-5851,-4859
1.85,-5959,-3945,-6494,-3727
1.86,-6405,-4414,-5504,-3708
1.87,-5858,-4176,-6992,-3338
1.88,-6286,-4120,-5598,-3995
1.89,-6444,-3754,-6215,-4501
1.9,-6079,-3660,-6921,-5488
1.91,-5975,-4205,-5932,-3506
1.92,-6198,-4079,-5624,-4860
1.93,-6057,-4033,-6678,-5417
1.94,-5947,-4246,-6162,-3611
1.95,-6382,-4477,-5835,-5377
1.96,-6299,-4464,-6655,-3575
1.97,-5823,-3674,-6361,-3740
1.98,-6002,-4311,-6626,-4462
1.99,-5840,-3858,-6256,-5101
2,-6125,-4153,-5507,-5012
2.01,-6260,-4423,-6319,-4625
2.02,-5806,-4525,-6782,-5109
2.03,-6320,-3821,-6463,-3613
2.04,-6244,-4119,-6460,-3274
2.05,-6249,-4565,-5641,-4117
2.06,-6345,-4316,-5876,-5298
2.07,-6412,-4445,-6907,-5246
2.08,-6211,-4155,-5932,-4567
2.09,-6107,-4613,-6548,-3477
2.1,-6185,-4065,-6491,-3941
2.11,-6073,-4401,-6058,-4867
2.12,-6306,-3828,-6091,-3531
2.13,-6114,-3667,-6041,-4052
2.14,-6423,-4489,-6802,-4991
2.15,-6012,-4544,-6318,-4869
2.16,-5859,-4448,-5705,-5146
2.17,-5997,-4390,-5831,-4031
2.18,-6180,-4001,-6925,-3302
2.19,-6407,-3909,-5884,-4852
2.2,-6022,-4044,-5588,-4702
2.21,-6381,-4368,-6636,-4835
2.22,-6121,-3727,-5882,-5278
2.23,-6372,-3840,-6472,-3512
2.24,-6196,-4244,-5937,-4692
2.25,-6162,-4519,-6600,-3992
2.26,-6393,-3778,-5953,-3312
2.27,-6201,-3898,-5604,-3380
2.28,-5853,-4690,-5942,-3897
2.29,-5757,-3794,-6211,-4828
2.3,-5832,-3727,-6513,-4382
2.31,-5868,-4073,-5923,-4318
2.32,-5874,-3858,-6377,-4521
2.33,-6165,-4118,-6986,-3300
2.34,-6247,-4091,-5954,-4334
2.35,-6003,-4081,-5543,-4412
2.36,-5785,-4174,-6777,-3217
2.37,-5881,-4387,-5546,-5285
2.38,-6056,-4253,-5507,-4403
2.39,-6412,-4291,-5593,-3735
2.4,-5901,-4637,-6984,-4635
2.41,-6000,-4470,-6605,-4369
2.42,-5861,-3853,-6887,-4775
2.43,-6240,-4056,-6746,-4204
2.44,-6180,-4138,-6019,-3587
2.45,-6330,-4623,-6865,-4149
2.46,-5851,-4718,-5691,-5262
2.47,-6377,-3852,-6584,-3397
2.48,-5972,-4713,-6949,-3732
2.49,-6459,-4068,-6303,-4252
2.5,-5861,-4231,-6491,-4812
2.51,-6426,-3655,-6909,-4628
2.52,-6243,-4230,-5742,-4752
2.53,-5819,-4554,-6713,-3414
2.54,-5764,-4463,-5942,-5491
2.55,-6062,-4428,-5536,-3249
2.56,-6096,-3686,-6673,-3282
2.57,-6192,-4063,-6683,-4811
2.58,-6189,-4231,-5752,-3647
2.59,-5855,-3666,-5738,-4319
2.6,-6409,-4192,-6037,-5240
2.61,-6244,-3733,-6981,-3332
2.62,-6047,-4666,-6984,-3790
2.63,-6109,-4315,-6234,-4437
2.64,-6121,-4571,-6225,-3505
2.65,-5803,-3972,-5635,-5019
2.66,-5996,-3656,-6944,-3227
2.67,-6115,-4442,-5813,-4519
2.68,-6046,-4521,-6489,-4619
2.69,-5814,-4491,-6544,-3826
2.7,-6196,-4086,-6501,-4912
2.71,-5841,-4038,-6955,-5212
2.72,-6061,-4086,-5687,-4754
2.73,-6216,-4685,-6098,-3628
2.74,-5786,-4321,-6841,-4074
2.75,-6366,-3904,-5535,-4218
2.76,-6326,-4354,-6601,-3411
2.77,-6082,-3723,-6390,-5049
2.78,-5774,-4366,-5943,-3836
2.79,-6279,-3877,-5575,-4401
2.8,-5862,-4275,-5744,-4943
2.81,-6047,-4491,-5717,-4889
2.82,-5771,-3930,-5510,-5005
2.83,-5796,-4615,-5779,-4394
2.84,-6173,-4493,-6037,-4226
2.85,-6413,-4224,-5879,-3697
2.86,-6096,-3998,-5518,-3387
2.87,-5752,-3828,-6970,-4667
2.88,-6390,-4406,-6483,-4575
2.89,-5843,-3771,-6733,-4197
2.9,-6466,-4118,-5664,-5214
2.91,-5954,-4385,-5861,-4101
2.92,-6175,-3870,-6334,-5043
2.93,-6217,-3727,-6889,-3534
2.94,-6351,-3906,-5522,-3289
2.95,-6237,-3716,-6421,-3438
2.96,-6437,-3998,-6445,-4355
2.97,-6397,-4510,-5532,-5106
2.98,-5752,-4322,-6383,-5017
2.99,-6352,-4530,-6624,-4891
3,-6254,-4374,-6302,-4271
3.01,-6405,-4235,-5921,-3244
3.02,-5899,-4110,-6864,-5190
3.03,-6299,-4514,-6738,-4144
3.04,-6490,-3873,-5566,-4785
3.05,-6292,-4413,-5909,-4805
3.06,-5905,-4490,-5853,-3837
3.07,-6393,-4617,-6038,-3720
3.08,-5994,-3976,-6533,-4462
3.09,-6385,-4531,-5568,-5052
3.1,-6006,-4595,-6576,-5243
3.11,-5808,-4209,-6403,-4641
3.12,-6300,-4267,-6523,-4370
3.13,-6158,-3853,-6142,-4661
3.14,-6173,-3733,-6332,-4572
3.15,-5821,-3930,-6831,-5248
3.16,-6404,-4092,-5649,-4491
3.17,-6145,-4589,-6452,-3695
3.18,-6176,-3949,-5844,-4714
3.19,-5846,-4549,-6896,-5430
3.2,-5825,-3819,-5684,-4466
3.21,-5982,-4363,-6955,-4685
3.22,-6136,-3816,-5508,-5282
3.23,-5814,-4216,-6401,-4511
3.24,-5965,-4067,-6160,-5434
3.25,-5911,-3861,-5905,-5203
3.26,-6480,-4114,-6695,-3838
3.27,-5841,-3787,-6999,-5164
3.28,-6005,-4385,-5779,-4602
3.29,-6326,-4138,-6118,-5452
3.3,-6177,-3834,-6199,-5317
3.31,-6298,-3954,-5603,-4835
3.32,-6086,-3968,-5977,-3655
3.33,-6463,-3806,-6307,-5090
3.34,-6282,-4306,-5908,-3809
3.35,-5885,-3978,-5596,-4973
3.36,-6054,-3867,-6549,-3417
3.37,-5851,-4448,-6401,-3390
3.38,-5986,-4127,-6780,-4780
3.39,-5885,-4181,-6531,-5044
3.4,-6467,-4206,-6706,-3277
3.41,-6463,-4100,-5821,-4405
3.42,-6283,-4371,-6294,-5012
3.43,-6161,-4608,-5752,-3497
3.44,-5818,-4404,-6098,-4889
3.45,-6186,-4693,-6047,-3453
3.46,-6360,-4676,-5797,-3799
3.47,-5893,-3817,-5622,-4409
3.48,-6408,-4082,-5703,-5243
3.49,-6392,-4312,-6865,-4018
3.5,-5889,-4084,-5903,-3219
3.51,-6476,-4317,-6525,-5222
3.52,-6496,-4427,-6813,-4771
3.53,-6289,-3653,-6472,-4789
3.54,-6406,-4720,-6936,-5153
3.55,-6500,-4128,-6455,-4255
3.56,-6492,-4252,-6015,-4237
3.57,-6005,-4538,-6250,-4107
3.58,-6100,-4217,-6631,-4425
3.59,-6241,-4065,-6733,-3530
3.6,-6376,-4027,-6050,-5104
3.61,-5865,-3930,-6321,-3861
3.62,-6297,-4389,-6517,-4590
3.63,-6361,-4262,-6253,-4725
3.64,-6158,-4552,-6079,-5207
3.65,-6322,-3769,-6274,-4157
3.66,-5763,-4453,-6640,-3280
3.67,-6283,-4043,-6723,-4916
3.68,-6143,-4448,-6088,-4801
3.69,-6322,-3991,-6834,-3268
3.7,-5768,-4294,-5884,-4594
3.71,-5981,-4651,-6025,-4370
3.72,-6223,-4348,-6328,-4306
3.73,-6494,-4495,-6151,-3767
3.74,-6479,-4345,-6093,-3699
3.75,-6157,-4106,-5913,-5370
3.76,-5913,-3882,-6409,-4264
3.77,-6278,-3721,-5573,-4824
3.78,-5868,-4749,-6915,-3693
3.79,-5880,-4590,-6166,-3365
3.8,-5863,-4172,-5921,-3452
3.81,-6307,-4508,-5941,-5210
3.82,-5782,-4230,-6684,-3527
3.83,-5760,-4597,-6913,-3513
3.84,-6444,-4224,-6126,-4606
3.85,-6259,-3882,-6209,-4767
3.86,-6408,-3885,-6053,-4521
3.87,-6212,-3896,-6951,-5015
3.88,-5948,-4275,-5617,-5370
3.89,-6432,-4228,-5511,-5311
3.9,-6233,-4247,-5545,-3439
3.91,-5955,-3674,-5608,-3997
3.92,-5881,-3852,-5714,-5342
3.93,-6402,-4162,-6424,-4018
3.94,-6276,-4293,-6711,-4468
3.95,-5757,-4513,-6789,-5016
3.96,-5755,-4534,-6701,-5091
3.97,-6444,-3705,-6500,-4151
3.98,-5800,-3767,-6628,-4152
3.99,-5833,-4040,-6682,-4355
4,-6126,-4400,-6429,-4765
4.01,-6238,-4447,-5715,-3640
4.02,-6114,-4736,-6319,-5047
4.03,-5948,-4555,-6309,-3610
4.04,-6067,-3708,-6809,-4093
4.05,-6237,-3737,-5592,-4585
4.06,-5961,-4564,-6691,-4855
4.07,-6250,-4454,-5839,-4363
4.08,-5932,-3874,-6620,-4158
4.09,-6447,-3662,-5932,-5224
4.1,-6290,-4498,-6234,-3324
4.11,-5900,-3691,-6922,-3810
4.12,-6291,-4343,-6018,-3347
4.13,-6419,-4209,-6401,-4009
4.14,-6300,-4156,-5683,-5023
4.15,-6272,-4419,-6813,-4030
4.16,-6234,-3851,-6233,-4094
4.17,-5793,-4430,-6911,-4641
4.18,-6198,-4211,-5683,-4693
4.19,-6366,-4124,-6120,-4886
4.2,-6377,-4337,-5635,-3936
4.21,-5769,-4321,-5820,-3360
4.22,-6332,-4008,-6020,-4135
4.23,-6037,-3815,-5835,-5445
4.24,-6145,-4445,-6977,-4395
4.25,-6172,-4233,-6572,-4358
4.26,-6363,-4594,-6136,-4456
4.27,-6456,-4455,-5703,-3607
4.28,-6098,-3740,-6005,-4110
4.29,-5784,-4574,-5624,-5027
4.3,-6483,-3998,-5691,-4012
4.31,-6475,-4703,-5775,-5378
4.32,-5843,-4720,-6023,-3971
4.33,-6403,-4573,-6591,-4239
4.34,-5845,-4137,-6400,-5235
4.35,-6167,-4619,-6963,-4756
4.36,-6449,-4575,-5718,-4281
4.37,-5925,-4364,-6571,-3235
4.38,-5934,-4479,-6175,-3403
4.39,-5789,-4469,-6510,-4416
4.4,-6360,-4448,-5917,-3508
4.41,-6487,-4426,-6898,-4993
4.42,-5765,-4342,-6551,-4730
4.43,-6388,-4673,-6889,-4203
4.44,-6390,-3830,-5744,-3848
4.45,-5879,-4314,-5802,-4080
4.46,-5798,-4367,-5986,-4403
4.47,-6459,-3650,-6665,-3969
4.48,-6196,-3775,-6611,-4016
4.49,-6342,-4458,-6455,-3735
4.5,-6094,-4730,-6382,-3572
4.51,-6080,-4084,-6144,-4970
4.52,-6486,-4323,-6916,-5061
4.53,-6472,-4162,-6604,-4397
4.54,-6332,-3809,-6433,-4689
4.55,-6091,-4435,-6830,-3342
4.56,-6342,-4135,-6176,-3546
4.57,-6200,-4206,-5925,-4866
4.58,-5823,-3918,-6395,-3241
4.59,-6258,-4547,-6016,-4184
4.6,-6340,-4611,-6622,-3686
4.61,-6308,-3769,-6125,-4733
4.62,-6139,-4342,-6643,-5200
4.63,-6029,-4048,-6544,-5248
4.64,-6094,-3960,-5950,-4430
4.65,-6434,-4442,-6092,-5032
4.66,-6354,-4557,-5667,-3556
4.67,-6358,-4357,-6689,-3455
4.68,-5986,-4521,-6973,-4954
4.69,-6194,-4283,-5622,-4317
4.7,-6211,-3687,-5826,-3306
4.71,-5907,-3961,-6112,-4342
4.72,-6291,-4177,-6201,-5426
4.73,-6470,-4024,-6064,-4756
4.74,-6000,-4159,-5875,-4781
4.75,-5752,-3770,-6736,-3499
4.76,-6116,-4275,-6950,-3767
4.77,-6349,-4590,-6428,-5128
4.78,-6094,-4467,-6250,-4328
4.79,-6439,-4016,-6293,-4687
4.8,-6412,-4205,-6064,-5438
4.81,-6485,-4699,-5751,-3610
4.82,-6326,-4215,-6238,-3819
4.83,-6415,-4051,-5615,-4728
4.84,-5931,-4330,-6596,-5313
4.85,-6102,-4503,-6031,-3374
4.86,-5768,-3805,-5760,-5119
4.87,-5773,-4001,-5965,-3602
4.88,-6211,-3927,-6488,-5471
4.89,-6024,-4531,-6097,-4509
4.9,-5984,-4223,-6559,-3652
4.91,-6430,-4063,-6443,-4098
4.92,-6329,-4158,-5507,-4934
4.93,-6314,-4462,-6071,-4206
4.94,-6161,-4589,-6501,-3536
4.95,-6200,-4723,-6822,-4257
4.96,-5875,-4046,-6102,-4500
4.97,-6333,-4186,-6670,-3814
4.98,-6240,-4408,-5764,-3431
4.99,-6122,-4085,-6164,-5004
5,-6046,-4088,-6252,-4210
5.01,-5870,-4328,-5506,-3522
5.02,-6376,-3804,-6134,-3718
5.03,-6164,-4386,-6085,-4521
5.04,-6159,-4412,-6872,-4689
5.05,-6486,-4040,-5819,-4159
5.06,-6313,-4312,-5829,-4848
5.07,-6433,-4269,-6952,-4984
5.08,-6114,-4541,-6412,-5274
5.09,-6012,-4181,-6662,-3922
5.1,-6292,-4052,-6130,-3243
5.11,-6342,-4134,-6302,-3770
5.12,-5943,-4391,-5567,-4988
5.13,-6125,-4258,-6747,-3387
5.14,-5964,-4310,-6021,-4751
5.15,-6405,-3754,-6755,-4072
5.16,-5785,-3693,-6802,-5215
5.17,-5976,-4284,-6886,-3223
5.18,-5967,-4017,-6735,-3829
5.19,-5798,-4143,-5560,-5175
5.2,-6391,-4613,-6293,-4502
5.21,-6448,-4049,-6402,-4860
5.22,-6249,-4371,-5643,-5290
5.23,-6142,-4491,-5570,-3850
5.24,-6322,-4587,-6885,-3722
5.25,-6108,-4049,-6302,-4251
5.26,-6417,-4009,-5886,-4034
5.27,-6101,-4088,-5942,-3452
5.28,-6470,-4597,-5846,-4187
5.29,-5905,-3732,-5835,-3223
5.3,-6475,-4526,-6632,-5126
5.31,-6013,-4343,-6109,-3227
5.32,-5921,-4269,-6435,-3974
5.33,-6276,-4169,-5675,-3817
5.34,-5910,-4428,-6512,-3858
5.35,-5777,-4226,-6535,-5376
5.36,-6437,-4489,-6137,-4536
5.37,-6414,-4583,-6745,-3290
5.38,-5954,-4345,-6087,-5287
5.39,-6458,-4020,-5827,-3681
5.4,-6036,-3940,-6405,-4021
5.41,-6195,-4223,-5632,-3327
5.42,-6390,-4289,-6073,-5033
5.43,-6230,-4323,-6686,-4784
5.44,-5845,-3945,-6066,-3909
5.45,-6283,-4608,-6859,-4947
5.46,-6192,-4080,-6546,-4332
5.47,-6386,-4058,-6653,-5331
5.48,-6347,-3745,-5693,-5237
5.49,-5926,-3945,-6600,-5157
5.5,-6092,-4681,-6990,-4695
5.51,-6014,-4349,-6250,-4108
5.52,-6486,-4666,-5564,-4227
5.53,-6185,-4723,-6690,-3445
5.54,-6345,-3755,-5872,-3698
5.55,-5863,-4635,-6280,-3848
5.56,-5917,-4442,-5868,-5362
5.57,-6061,-4701,-6074,-3628
5.58,-6399,-4735,-6663,-4251
5.59,-6471,-3703,-6465,-4327
5.6,-5818,-4105,-5694,-4881
5.61,-5863,-3919,-6073,-4982
5.62,-5877,-4632,-6270,-3375
5.63,-5922,-4471,-5590,-4263
5.64,-6415,-4680,-6018,-4493
5.65,-5916,-3749,-5782,-3479
5.66,-6423,-4635,-5631,-5347
5.67,-6402,-3696,-6979,-5445
5.68,-5844,-4427,-6256,-3839
5.69,-6410,-4406,-5879,-5168
5.7,-6355,-3924,-5719,-5403
5.71,-6309,-4435,-6233,-3496
5.72,-6322,-4303,-6767,-4499
5.73,-6143,-4218,-6730,-5100
5.74,-6315,-4573,-6341,-3474
5.75,-6460,-4580,-6227,-3889
5.76,-6303,-4385,-5675,-4802
5.77,-6157,-4150,-6691,-3977
5.78,-5951,-4137,-6812,-5468
5.79,-6137,-4551,-6282,-3954
5.8,-5923,-3912,-6876,-3798
5.81,-6278,-4130,-5666,-4824
5.82,-6300,-3746,-6774,-3389
5.83,-6250,-3948,-6423,-4632
5.84,-6348,-4121,-6179,-3920
5.85,-5918,-4210,-5670,-4626
5.86,-6347,-4125,-6653,-4376
5.87,-6186,-4616,-6112,-3761
5.88,-6080,-4093,-5737,-4123
5.89,-6282,-4230,-6171,-3272
5.9,-6374,-4515,-6141,-4426
5.91,-5869,-4070,-6917,-4620
5.92,-5927,-4740,-6477,-3617
5.93,-6231,-3919,-6016,-3865
5.94,-6467,-4455,-5679,-4069
5.95,-5824,-4728,-6492,-3428
5.96,-6470,-4272,-6474,-5308
5.97,-5897,-3884,-6545,-3961
5.98,-5863,-4250,-5781,-5033
5.99,-6196,-4151,-6366,-4815
6,-6478,-4015,-5871,-4003
6.01,-5808,-4628,-6290,-4986
6.02,-5757,-4736,-6898,-4708
6.03,-5809,-4347,-6954,-3268
6.04,-6020,-3660,-6270,-4306
6.05,-6286,-4158,-6688,-4141
6.06,-5971,-4529,-6795,-5297
6.07,-5983,-4028,-6675,-5034
6.08,-6426,-4292,-6274,-4035
6.09,-6447,-3681,-6281,-4632
6.1,-6325,-4041,-5782,-5155
6.11,-6467,-3833,-6666,-3604
6.12,-5799,-3771,-6159,-5299
6.13,-5843,-4018,-6151,-4437
6.14,-6210,-4408,-6710,-4732
6.15,-5891,-4550,-5688,-4138
6.16,-6166,-3953,-6918,-4027
6.17,-6248,-3652,-5539,-4466
6.18,-6391,-4280,-5752,-3618
6.19,-6112,-4242,-6966,-4656
6.2,-5774,-3730,-6364,-4536
6.21,-6033,-3659,-6195,-4956
6.22,-6178,-4579,-6722,-4120
6.23,-6125,-4361,-6274,-3989
6.24,-5992,-3752,-6257,-5081
6.25,-6268,-4144,-6477,-4215
6.26,-6266,-4250,-6628,-3441
6.27,-6219,-4581,-5505,-3853
6.28,-6075,-3818,-6447,-5079
6.29,-6063,-4249,-5873,-5161
6.3,-6267,-3867,-5776,-4543
6.31,-6157,-4527,-6529,-5196
6.32,-5769,-4356,-5668,-3613
6.33,-5873,-4602,-6740,-5184
6.34,-6476,-3981,-5540,-5174
6.35,-5847,-4428,-5776,-4162
6.36,-5999,-4255,-6390,-3487
6.37,-6308,-3967,-6372,-4493
6.38,-5982,-3993,-6715,-3991
6.39,-5813,-4239,-5943,-5229
6.4,-5839,-4714,-6433,-5113
6.41,-6060,-4285,-6692,-3285
6.42,-6248,-4093,-5741,-4831
6.43,-6199,-3779,-6668,-3668
6.44,-5863,-4246,-6563,-5036
6.45,-6326,-4309,-6232,-4415
6.46,-5998,-3726,-5548,-3305
6.47,-6392,-4276,-6218,-3986
6.48,-6484,-3781,-6796,-5170
6.49,-6499,-4002,-6386,-3708
6.5,-5916,-4362,-6869,-4436
6.51,-6256,-4662,-6224,-3256
6.52,-6129,-4638,-5586,-4220
6.53,-6209,-3678,-6943,-3805
6.54,-6090,-4618,-6419,-3464
6.55,-5811,-4311,-6539,-4984
6.56,-5910,-3679,-6528,-3348
6.57,-5896,-4183,-5924,-4854
6.58,-6329,-4318,-5648,-5393
6.59,-5854,-4255,-6891,-3722
6.6,-5805,-3831,-5834,-4796
6.61,-6100,-3816,-6957,-3516
6.62,-6125,-3796,-5610,-5420
6.63,-6184,-3726,-6814,-3482
6.64,-6087,-4332,-5652,-4995
6.65,-5767,-3766,-6834,-4123
6.66,-6346,-4735,-6793,-3211
6.67,-5866,-3989,-6606,-3971
6.68,-6328,-4185,-6377,-4989
6.69,-6430,-4251,-6415,-5141
6.7,-6054,-3923,-6274,-4388
6.71,-6129,-4523,-6815,-4879
6.72,-6300,-3919,-5718,-4215
6.73,-6144,-4344,-6389,-4730
6.74,-6080,-3930,-6399,-5380
6.75,-6070,-3773,-6949,-4382
6.76,-6136,-4317,-5599,-3968
6.77,-6094,-4136,-5625,-3440
6.78,-5799,-4629,-6432,-3767
6.79,-6351,-4238,-6399,-3736
6.8,-6373,-4373,-5733,-4370
6.81,-6473,-3847,-6635,-3589
6.82,-6327,-3789,-6470,-4858
6.83,-6018,-4400,-6202,-5267
6.84,-5779,-4565,-6083,-3996
6.85,-5801,-4229,-5526,-3932
6.86,-6295,-3802,-6144,-5181
6.87,-5990,-4281,-6265,-4007
6.88,-6466,-4668,-5573,-5207
6.89,-5938,-3768,-5981,-3333
6.9,-5862,-3940,-6819,-4761
6.91,-5824,-4146,-6414,-5300
6.92,-5842,-4678,-6023,-3559
6.93,-6114,-3934,-6289,-4896
6.94,-5897,-4370,-5545,-3656
6.95,-6378,-3904,-6654,-4673
6.96,-5856,-4191,-5724,-4057
6.97,-5970,-4671,-6871,-5021
6.98,-5824,-4347,-5713,-4319
6.99,-5895,-3812,-5803,-5144
7,-5941,-4203,-5624,-4924
7.01,-5874,-4324,-6757,-4513
7.02,-6412,-4133,-5923,-4505
7.03,-6190,-4335,-6030,-4221
7.04,-6066,-4612,-6913,-5329
7.05,-6382,-4106,-5510,-3513
7.06,-5921,-4628,-6154,-4201
7.07,-6299,-3776,-6329,-5413
7.08,-6314,-4400,-5611,-4651
7.09,-6411,-4483,-6921,-4547
7.1,-6483,-3831,-6630,-3917
7.11,-6038,-4395,-6693,-3281
7.12,-6081,-4541,-6708,-3577
7.13,-6494,-4169,-5524,-5027
7.14,-6107,-4002,-6920,-4161
7.15,-6500,-4357,-5889,-5022
7.16,-6241,-4650,-5539,-5269
7.17,-6390,-4077,-5744,-3333
7.18,-5872,-3725,-6121,-5078
7.19,-6485,-3660,-6610,-4426
7.2,-6037,-4645,-6571,-5049
7.21,-6227,-3710,-6194,-3824
7.22,-6316,-4237,-5803,-3567
7.23,-5836,-4293,-6342,-4970
7.24,-6065,-4076,-6831,-3520
7.25,-6146,-4245,-6238,-5277
7.26,-5964,-4747,-5822,-4205
7.27,-5886,-4365,-5529,-4267
7.28,-6245,-3992,-6673,-4196
7.29,-6099,-3729,-6993,-4216
7.3,-6453,-3849,-6372,-4691
7.31,-6170,-4126,-5906,-3679
7.32,-6229,-3900,-5671,-4387
7.33,-6261,-3927,-6240,-4876
7.34,-6114,-4569,-5688,-4450
7.35,-5920,-4172,-6374,-5441
7.36,-6182,-3698,-5744,-3378
7.37,-5934,-4468,-6996,-3425
7.38,-6092,-4272,-6522,-3653
7.39,-5793,-4262,-5898,-4425
7.4,-6075,-3756,-5534,-4394
7.41,-6243,-4474,-6129,-4165
7.42,-5914,-4205,-5973,-4715
7.43,-6086,-4549,-5752,-4509
7.44,-5932,-4537,-5512,-4673
7.45,-5772,-3809,-5865,-3253
7.46,-6224,-3908,-5610,-5317
7.47,-5805,-4000,-6449,-5071
7.48,-6007,-4544,-6595,-5315
7.49,-6340,-4306,-5855,-4428
7.5,-5810,-4588,-5639,-4231
7.51,-6102,-4294,-5981,-4616
7.52,-5851,-3996,-6637,-4030
7.53,-6429,-4078,-6490,-5151
7.54,-6388,-3866,-6552,-4452
7.55,-6131,-3909,-6667,-5011
7.56,-5966,-4285,-6027,-4378
7.57,-6104,-4235,-6139,-4838
7.58,-5891,-4514,-6313,-3205
7.59,-6074,-4072,-6757,-4662
7.6,-6089,-4500,-6095,-4391
7.61,-6093,-3709,-6811,-4323
7.62,-5962,-4363,-6138,-3790
7.63,-5751,-3659,-6803,-4272
7.64,-6442,-3655,-6960,-5292
7.65,-6001,-3932,-6150,-4175
7.66,-6442,-3987,-6097,-4965
7.67,-6432,-3882,-6742,-4191
7.68,-6157,-3746,-6620,-4451
7.69,-5999,-3815,-5596,-4104
7.7,-6012,-3792,-6746,-5406
7.71,-6463,-3783,-6342,-3826
7.72,-5857,-4415,-6800,-3553
7.73,-6245,-4724,-6657,-3824
7.74,-6213,-4061,-6270,-3289
7.75,-6246,-3881,-5675,-5343
7.76,-6326,-4117,-5843,-3774
7.77,-5885,-4365,-6455,-3630
7.78,-5963,-3959,-6842,-3644
7.79,-5839,-3908,-6691,-4648
7.8,-6268,-4076,-6246,-4564
7.81,-6259,-3710,-6084,-5203
7.82,-5913,-3950,-5789,-3873
7.83,-6494,-4002,-6926,-4735
7.84,-6194,-4453,-6144,-4323
7.85,-5842,-4680,-5718,-4022
7.86,-6225,-3840,-5524,-3798
7.87,-5875,-4036,-6792,-4971
7.88,-6145,-4720,-6177,-4430
7.89,-5955,-4232,-5742,-4927
7.9,-6137,-4575,-6963,-4742
7.91,-6462,-3670,-6564,-5400
7.92,-6075,-4014,-6332,-5298
7.93,-6244,-4061,-6703,-3644
7.94,-6289,-3843,-6703,-4460
7.95,-6179,-4745,-6490,-5251
7.96,-5832,-4181,-6790,-4736
7.97,-6173,-3997,-5515,-3307
7.98,-6413,-3966,-5706,-5439
7.99,-6142,-4488,-6960,-4560
8,-6242,-4465,-5539,-4257
8.01,-6471,-4232,-6767,-4142
8.02,-6351,-3914,-6754,-4994
8.03,-6168,-4587,-6625,-4391
8.04,-6146,-4005,-6397,-3594
8.05,-5940,-4088,-5515,-5284
8.06,-5824,-4192,-5805,-3360
8.07,-6044,-4595,-6571,-3430
8.08,-5965,-3895,-5787,-3870
8.09,-6370,-4313,-5953,-4331
8.1,-5770,-4003,-5982,-5150
8.11,-6002,-4231,-6961,-4426
8.12,-6184,-3979,-6150,-4385
8.13,-5943,-3852,-6746,-3957
8.14,-5927,-4510,-5911,-3728
8.15,-6187,-3812,-6150,-4180
8.16,-6485,-4213,-6452,-4018
8.17,-6470,-3915,-6094,-3719
8.18,-6498,-4420,-6626,-3933
8.19,-6365,-4361,-5712,-3779
8.2,-6393,-4454,-6954,-4680
8.21,-5817,-4592,-6367,-5493
8.22,-5883,-3682,-6050,-4874
8.23,-5867,-4091,-6763,-4572
8.24,-5980,-4103,-6196,-5105
8.25,-6399,-4747,-6963,-4376
8.26,-6230,-4297,-5837,-4109
8.27,-6187,-4490,-6197,-4446
8.28,-5944,-4302,-5787,-4123
8.29,-5797,-4351,-6484,-5216
8.3,-6010,-4312,-5748,-5264
8.31,-6361,-3663,-6551,-4684
8.32,-6437,-4159,-6526,-3472
8.33,-6462,-4719,-5779,-3665
8.34,-5946,-3716,-6927,-5053
8.35,-6002,-3707,-6530,-4064
8.36,-6155,-4166,-5559,-4566
8.37,-5992,-4070,-6439,-4493
8.38,-6015,-4664,-5801,-4803
8.39,-5874,-4051,-6823,-3950
8.4,-5970,-3777,-5622,-4137
8.41,-6157,-4387,-5560,-4833
8.42,-5829,-4127,-6744,-4426
8.43,-6085,-3978,-6919,-3983
8.44,-6419,-4299,-5788,-3516
8.45,-5974,-4636,-6724,-5328
8.46,-6046,-3699,-5739,-3954
8.47,-6279,-3733,-5755,-4983
8.48,-5846,-4642,-6918,-3590
8.49,-5844,-3975,-6684,-3847
8.5,-5776,-4040,-6080,-4748
8.51,-6361,-4562,-6873,-4377
8.52,-6169,-4475,-6781,-4292
8.53,-5791,-4061,-6441,-4329
8.54,-6228,-4460,-6310,-4893
8.55,-6378,-3661,-5924,-5393
8.56,-6120,-4464,-5877,-3871
8.57,-6384,-4228,-5952,-3650
8.58,-6185,-4246,-6733,-4100
8.59,-6047,-4316,-5988,-5055
8.6,-6259,-4347,-6868,-3620
8.61,-6246,-4081,-6806,-5104
8.62,-6448,-4306,-6371,-4804
8.63,-6103,-3873,-6436,-4545
8.64,-6134,-4406,-6554,-5094
8.65,-6360,-4621,-6780,-4060
8.66,-5999,-4483,-6694,-5297
8.67,-5787,-4196,-6519,-4805
8.68,-6492,-4305,-6401,-4421
8.69,-6233,-3717,-5783,-3824
8.7,-6038,-3688,-6103,-4091
8.71,-5821,-4672,-6472,-4335
8.72,-5956,-4208,-5894,-4258
8.73,-6077,-4658,-6008,-3525
8.74,-5960,-4635,-5781,-5183
8.75,-5826,-4389,-6491,-3331
8.76,-5774,-4092,-5507,-3658
8.77,-6196,-3776,-6651,-5199
8.78,-6488,-3961,-6875,-4805
8.79,-5980,-4648,-6491,-3997
8.8,-6002,-4067,-6395,-3296
8.81,-5764,-4609,-6830,-4915
8.82,-5806,-4356,-6337,-4847
8.83,-5790,-3999,-6030,-4053
8.84,-5767,-4036,-6887,-3981
8.85,-6355,-4282,-6457,-5125
8.86,-6102,-4115,-6524,-5181
8.87,-6373,-4560,-6953,-3276
8.88,-5908,-3776,-6286,-3745
8.89,-6191,-4488,-6648,-3253
8.9,-6359,-4459,-5764,-3745
8.91,-5999,-4424,-5736,-4441
8.92,-5841,-3732,-6050,-4588
8.93,-6453,-4625,-6163,-4729
8.94,-5773,-3881,-6586,-3859
8.95,-6155,-4699,-6779,-3996
8.96,-5905,-3995,-6700,-3907
8.97,-5873,-4628,-6623,-3367
8.98,-5936,-4102,-5874,-5456
8.99,-6228,-4507,-6204,-4919
9,-5785,-4220,-6298,-3744
9.01,-6401,-4361,-6993,-5418
9.02,-6470,-3823,-6072,-4675
9.03,-6214,-4222,-6919,-4333
9.04,-5973,-3729,-6753,-5325
9.05,-5832,-4573,-6477,-5230
9.06,-5927,-3824,-6982,-4583
9.07,-6316,-3932,-6036,-4421
9.08,-5797,-4739,-5892,-5228
9.09,-6188,-3901,-5797,-3520
9.1,-6176,-4636,-6406,-5208
9.11,-5945,-4269,-5531,-5000
9.12,-5994,-3733,-5633,-5168
9.13,-6442,-4433,-5937,-3462
9.14,-6117,-3938,-6531,-5390
9.15,-6316,-3779,-5532,-5463
9.16,-6424,-4473,-6998,-4481
9.17,-6373,-3987,-6535,-5253
9.18,-6267,-4517,-6319,-4986
9.19,-5881,-4663,-6982,-4412
9.2,-5955,-4559,-6669,-3811
9.21,-6111,-4326,-5893,-3829
9.22,-5894,-4164,-5689,-4282
9.23,-5795,-4348,-6392,-3927
9.24,-5930,-3843,-6650,-5004
9.25,-6134,-3810,-6829,-3718
9.26,-5823,-4714,-6636,-3847
9.27,-6179,-3908,-6878,-4004
9.28,-6080,-3918,-5650,-4170
9.29,-6357,-4386,-6518,-4668
9.3,-6374,-4675,-5573,-3991
9.31,-6112,-4707,-5799,-5049
9.32,-5884,-3691,-6586,-3392
9.33,-5791,-3992,-5600,-5053
9.34,-6215,-3952,-5843,-5444
9.35,-6319,-4603,-6930,-3416
9.36,-6479,-4653,-6775,-3841
9.37,-6248,-4273,-6156,-4257
9.38,-6386,-4150,-6780,-3239
9.39,-5928,-4490,-5970,-3242
9.4,-6262,-4212,-6868,-5081
9.41,-6395,-3955,-6619,-4906
9.42,-6497,-4173,-6128,-4112
9.43,-6123,-4423,-6494,-3596
9.44,-6068,-4437,-6849,-3694
9.45,-6222,-3737,-5625,-4115
9.46,-6131,-4749,-6467,-4296
9.47,-5933,-4359,-5576,-5273
9.48,-6171,-3851,-5698,-4340
9.49,-5983,-4228,-6506,-4327
9.5,-5877,-3741,-6710,-4184
9.51,-6083,-3749,-6856,-4086
9.52,-6249,-3953,-6924,-4645
9.53,-6461,-3728,-6427,-3817
9.54,-5845,-3765,-6965,-3272
9.55,-5974,-4669,-6971,-5095
9.56,-6358,-4669,-6897,-4340
9.57,-6169,-4633,-5728,-4112
9.58,-6447,-3676,-5777,-5408
9.59,-5802,-3898,-6150,-5483
9.6,-6387,-3741,-6155,-4401
9.61,-6280,-3843,-6636,-3498
9.62,-6407,-4487,-6985,-4273
9.63,-5887,-4412,-6902,-3570
9.64,-6324,-3850,-6091,-4751
9.65,-6187,-4480,-5938,-5479
9.66,-6106,-4731,-6045,-4782
9.67,-6018,-4451,-6947,-4820
9.68,-5937,-4402,-6756,-5037
9.69,-5805,-4217,-6321,-4707
9.7,-5933,-4278,-5985,-3725
9.71,-6303,-4017,-6937,-4742
9.72,-6036,-3977,-6279,-4652
9.73,-5761,-3739,-6655,-5420
9.74,-6480,-4279,-6777,-3955
9.75,-6429,-4722,-6009,-3947
9.76,-6056,-4652,-6611,-4111
9.77,-5789,-4239,-6349,-4845
9.78,-5827,-4154,-6540,-4149
9.79,-5965,-3995,-6820,-4271
9.8,-5798,-4016,-5902,-4123
9.81,-6071,-4211,-6275,-5077
9.82,-6470,-4124,-5586,-3274
9.83,-5980,-4175,-6442,-4722
9.84,-6192,-4118,-5861,-5032
9.85,-6441,-3865,-6841,-3338
9.86,-6393,-3669,-6611,-4985
9.87,-5980,-4548,-6528,-4669
9.88,-6162,-4529,-6787,-4479
9.89,-6318,-3870,-6225,-4656
9.9,-6231,-4201,-5959,-4009
9.91,-6153,-3808,-5982,-3236
9.92,-6117,-4579,-6108,-3422
9.93,-6284,-3738,-5604,-3654
9.94,-6091,-4493,-6077,-3317
9.95,-6464,-4332,-6087,-4512
9.96,-5785,-4229,-6898,-5212
9.97,-6284,-3899,-5769,-4450
9.98,-6022,-4169,-6939,-3767
9.99,-6371,-4582,-6261,-5494
10,-6140,-4608,-6423,-4867
10.01,-5756,-4299,-6710,-4683
10.02,-6157,-4240,-5626,-4797
10.03,-5869,-4427,-5682,-3931
10.04,-6371,-4146,-5894,-4537
10.05,-6094,-4409,-6863,-4599
10.06,-6499,-4199,-6734,-3638
10.07,-6054,-3996,-6538,-4011
10.08,-6399,-4720,-5841,-4146
10.09,-6096,-4624,-6980,-3909
10.1,-6166,-4494,-6459,-3702
10.11,-6428,-4538,-5863,-3911
10.12,-5830,-4674,-6471,-3428
10.13,-5906,-3812,-6616,-4184
10.14,-6415,-4390,-6112,-4215
10.15,-6244,-3849,-5941,-4518
10.16,-5810,-3831,-5807,-4829
10.17,-5857,-3741,-5918,-4047
10.18,-5938,-4606,-5962,-4324
10.19,-5767,-4516,-6034,-4533
10.2,-6220,-4508,-5864,-3725
10.21,-5998,-4485,-6799,-3271
10.22,-6355,-4230,-6543,-4151
10.23,-6001,-4735,-6655,-4118
10.24,-6353,-4333,-6859,-4675
10.25,-6478,-4305,-6503,-5407
10.26,-6323,-4366,-6864,-3957
10.27,-5754,-4273,-6149,-3213
10.28,-6093,-3653,-5818,-4708
10.29,-6254,-4347,-6629,-4219
10.3,-5883,-4527,-5969,-4440
10.31,-5867,-3804,-6922,-3664
10.32,-6440,-4340,-6515,-4523
10.33,-6217,-4261,-6500,-3451
10.34,-6154,-4052,-6385,-3855
10.35,-6227,-3820,-5742,-3255
10.36,-6005,-4183,-6028,-5436
10.37,-6141,-4058,-5943,-4779
10.38,-5819,-4246,-6335,-3940
10.39,-5786,-3887,-6577,-5269
10.4,-5770,-3800,-6006,-4578
10.41,-5893,-4242,-6416,-5148
10.42,-5858,-4383,-6191,-4940
10.43,-5794,-4283,-5507,-4279
10.44,-6225,-3881,-5628,-4000
10.45,-6344,-4414,-6647,-3585
10.46,-6135,-4455,-6798,-4221
10.47,-5941,-3735,-6225,-3919
10.48,-6398,-4724,-6878,-4447
10.49,-6399,-4609,-6715,-4014
10.5,-6008,-3874,-6286,-3547
10.51,-6474,-3912,-6511,-3962
10.52,-5925,-4397,-5586,-4531
10.53,-5830,-3922,-6731,-4779
10.54,-5794,-4296,-5999,-3320
10.55,-6096,-4606,-5872,-4970
10.56,-6411,-4428,-6019,-4444
10.57,-6176,-4634,-6688,-4412
10.58,-5801,-3732,-6967,-3904
10.59,-5902,-3865,-6624,-5247
10.6,-6388,-4723,-6892,-5227
10.61,-5857,-4024,-5546,-5021
10.62,-5819,-4514,-6900,-3482
10.63,-6190,-4576,-6236,-3742
10.64,-6355,-3719,-6546,-5093
10.65,-5854,-4237,-5785,-4080
10.66,-6434,-4151,-5899,-4349
10.67,-6027,-3888,-5931,-3395
10.68,-6419,-3934,-6972,-5498
10.69,-6118,-4300,-6077,-3781
10.7,-6062,-3929,-5554,-4634
10.71,-5998,-3886,-5797,-5484
10.72,-6024,-4567,-5647,-4517
10.73,-6019,-4282,-5629,-4119
10.74,-6242,-4517,-6561,-4142
10.75,-6233,-3960,-6137,-3281
10.76,-5962,-3881,-6252,-4663
10.77,-6236,-4645,-5806,-4231
10.78,-6482,-3953,-6136,-4653
10.79,-5821,-4088,-5540,-4817
10.8,-6453,-4042,-6492,-4724
10.81,-6038,-4403,-5909,-4089
10.82,-6307,-4611,-6948,-5286
10.83,-5780,-4309,-6229,-5096
10.84,-6333,-3773,-6860,-3470
10.85,-6104,-4728,-6699,-3599
10.86,-6449,-3742,-6772,-4277
10.87,-6449,-4584,-5597,-5151
10.88,-6225,-4249,-6288,-4197
10.89,-6223,-4017,-5536,-5304
10.9,-6105,-4454,-6424,-3753
10.91,-6353,-3664,-6641,-3469
10.92,-6231,-4140,-6392,-5180
10.93,-5813,-4380,-5595,-3305
10.94,-6207,-4435,-6459,-3625
10.95,-5933,-4615,-5888,-4739
10.96,-6083,-3703,-6680,-5292
10.97,-5769,-4689,-5768,-4158
10.98,-5815,-4704,-5834,-3280
10.99,-6217,-3872,-6157,-3938
11,-6243,-4559,-6998,-5347
11.01,-6327,-4445,-6698,-3459
11.02,-5823,-4071,-5764,-3822
11.03,-6274,-3816,-6098,-5481
11.04,-6088,-3666,-6133,-4083
11.05,-6475,-3689,-5783,-3267
11.06,-5904,-3933,-6928,-3997
11.07,-6472,-4126,-6055,-3765
11.08,-6145,-3707,-6512,-3671
11.09,-6039,-3961,-5604,-3727
11.1,-6390,-3660,-6502,-4809
11.11,-6119,-3855,-6549,-3884
11.12,-5890,-4606,-6852,-4024
11.13,-6302,-4042,-5605,-4643
11.14,-5944,-4094,-6054,-4247
11.15,-5781,-4284,-6662,-4076
11.16,-6027,-4475,-6860,-4443
11.17,-5892,-3993,-6257,-4646
11.18,-6113,-4199,-5940,-3808
11.19,-6302,-4434,-6481,-5177
11.2,-5988,-3881,-6228,-3934
11.21,-6299,-4691,-5998,-4362
11.22,-5868,-4057,-6219,-3880
11.23,-6494,-4625,-5807,-5061
11.24,-6134,-4384,-6835,-4443
11.25,-6416,-4543,-6245,-3284
11.26,-5789,-4566,-5954,-3548
11.27,-6079,-4636,-5960,-4711
11.28,-6142,-3713,-5767,-4571
11.29,-6088,-3775,-6195,-3400
11.3,-6183,-4366,-6915,-4574
11.31,-6115,-4473,-6420,-4374
11.32,-6473,-4130,-6011,-4240
11.33,-6155,-3789,-6124,-3561
11.34,-6348,-4045,-6258,-3807
11.35,-6085,-4223,-6771,-3374
11.36,-6122,-3817,-5823,-4144
11.37,-5946,-4219,-5809,-5489
11.38,-6305,-3940,-6969,-4522
11.39,-6088,-3936,-6711,-5370
11.4,-6160,-4741,-5747,-3441
11.41,-5888,-3976,-6690,-5143
11.42,-6074,-4662,-6924,-3561
11.43,-6334,-4297,-5712,-5174
11.44,-5983,-3693,-5560,-3239
11.45,-5951,-3761,-5756,-4649
11.46,-6200,-4072,-6973,-4253
11.47,-5989,-3943,-5527,-5394
11.48,-6373,-4128,-6301,-4380
11.49,-6424,-4531,-6541,-4519
11.5,-6211,-3736,-5779,-3390
11.51,-5770,-4393,-5613,-4190
11.52,-6388,-4491,-6167,-5260
11.53,-6428,-4654,-5502,-3214
11.54,-6429,-3816,-5920,-3377
11.55,-6482,-4031,-5910,-4488
11.56,-5768,-4146,-6655,-5079
11.57,-5859,-3786,-6328,-4879
11.58,-5959,-4521,-5874,-4749
11.59,-6313,-3718,-6175,-3219
11.6,-5810,-4093,-6338,-4332
11.61,-5805,-4596,-6572,-4810
11.62,-6344,-4302,-6888,-4377
11.63,-6146,-4211,-5701,-4205
11.64,-5855,-4099,-5764,-4163
11.65,-5821,-4184,-6485,-5023
11.66,-6174,-3655,-6768,-4253
11.67,-6319,-4213,-6898,-4305
11.68,-6180,-3886,-6888,-5389
11.69,-5795,-3953,-6536,-4762
11.7,-6414,-3971,-6104,-3333
11.71,-5954,-4141,-6796,-3870
11.72,-5752,-3886,-5996,-3585
11.73,-6440,-3654,-5515,-4068
11.74,-5904,-3775,-6736,-4026
11.75,-5886,-4714,-6881,-4232
11.76,-6048,-4091,-6160,-5198
11.77,-6209,-3750,-6079,-3971
11.78,-5867,-4710,-5966,-3868
11.79,-6369,-3721,-5643,-3443
11.8,-6469,-4234,-6972,-4956
11.81,-5800,-3702,-5534,-4970
11.82,-6057,-4158,-6738,-3753
11.83,-5961,-4032,-6756,-4257
11.84,-6224,-4748,-5594,-5121
11.85,-5993,-4547,-5999,-4781
11.86,-6135,-3847,-6685,-4381
11.87,-6453,-4192,-5750,-4795
11.88,-6018,-4064,-6445,-3382
11.89,-6171,-4460,-6806,-3429
11.9,-6342,-4468,-5719,-5468
11.91,-5812,-3834,-6162,-4274
11.92,-6205,-4413,-6873,-3523
11.93,-6252,-4462,-6167,-5054
11.94,-6027,-4238,-6136,-3956
11.95,-6215,-4663,-6119,-4255
11.96,-6476,-4545,-5991,-3649
11.97,-6490,-4686,-6692,-3938
11.98,-5835,-3682,-5976,-5185
11.99,-6177,-3972,-5552,-5233
12,-6317,-4626,-6771,-3638
12.01,-6496,-4328,-6882,-4091
12.02,-6332,-4367,-6372,-3384
12.03,-6057,-4503,-5546,-5100
12.04,-6378,-4731,-6184,-5145
12.05,-5808,-4254,-6667,-5429
12.06,-6336,-4189,-6448,-3230
12.07,-5821,-4121,-5953,-4349
12.08,-5903,-4260,-6003,-5075
12.09,-6223,-4106,-6329,-3569
12.1,-6120,-4658,-6310,-3527
12.11,-5843,-4271,-6864,-3896
12.12,-6156,-3901,-5625,-3682
12.13,-6304,-4398,-6983,-3875
12.14,-6064,-3991,-6240,-4663
12.15,-5870,-3885,-5794,-4600
12.16,-6293,-4724,-6063,-5351
12.17,-6241,-4388,-6784,-5412
12.18,-5984,-4628,-5681,-4594
12.19,-6101,-4536,-5538,-4828
12.2,-5989,-4058,-6848,-3232
12.21,-6021,-4750,-5581,-3765
12.22,-5774,-3802,-5909,-4108
12.23,-5860,-3741,-5566,-3912
12.24,-6485,-3941,-5886,-3600
12.25,-6157,-4465,-6945,-4159
12.26,-6237,-4649,-6914,-5035
12.27,-5916,-4348,-5853,-4211
12.28,-6291,-4617,-6571,-3239
12.29,-5997,-4405,-5882,-4929
12.3,-6487,-4011,-6049,-4684
12.31,-6022,-3662,-5719,-3361
12.32,-5822,-4714,-6550,-5270
12.33,-6448,-4068,-5655,-3226
12.34,-6072,-4143,-6397,-4523
12.35,-5808,-3821,-6496,-5005
12.36,-6301,-3666,-6776,-4341
12.37,-6229,-4296,-6407,-3519
12.38,-5981,-4314,-6600,-5377
12.39,-6342,-4204,-6293,-4684
12.4,-5993,-4500,-6023,-5285
12.41,-6026,-4497,-6044,-3655
12.42,-5900,-3897,-6518,-5483
12.43,-5986,-4428,-5870,-4857
12.44,-5890,-4505,-5569,-5265
12.45,-6097,-3864,-6457,-3399
12.46,-6042,-4263,-6611,-5428
12.47,-6106,-4077,-5869,-3720
12.48,-5809,-3923,-5584,-4395
12.49,-6452,-3791,-6790,-5346
12.5,-6361,-4695,-6369,-5279
12.51,-6491,-4523,-6274,-5367
12.52,-6412,-3760,-6766,-5273
12.53,-6319,-4523,-5824,-3724
12.54,-6041,-4629,-6291,-3711
12.55,-6088,-3822,-6488,-4357
12.56,-6387,-3923,-6373,-5483
12.57,-6153,-4393,-5889,-3634
12.58,-5777,-3685,-5773,-4439
12.59,-6263,-3663,-5826,-3478
12.6,-5765,-3877,-5652,-5319
12.61,-6225,-4393,-6716,-3373
12.62,-6237,-3983,-6005,-4263
12.63,-5786,-4329,-6367,-3221
12.64,-5791,-4121,-6293,-3335
12.65,-6063,-4052,-5770,-3404
12.66,-6290,-4602,-6457,-4634
12.67,-6349,-4271,-5599,-4509
12.68,-6350,-4737,-5820,-3815
12.69,-5885,-4342,-5803,-4178
12.7,-5831,-4729,-6018,-5447
12.71,-6123,-3784,-5645,-3542
12.72,-6256,-4071,-6125,-3263
12.73,-6397,-3883,-6495,-3366
12.74,-5969,-4058,-6448,-5174
12.75,-5758,-4593,-5949,-4349
12.76,-5750,-4744,-6521,-3805
12.77,-6034,-3723,-6355,-4314
12.78,-6343,-4616,-5568,-3861
12.79,-5911,-4638,-6256,-3260
12.8,-5980,-4076,-5559,-3359
12.81,-6413,-3762,-6467,-4216
12.82,-6232,-4103,-6927,-5116
12.83,-6282,-4366,-6104,-5335
12.84,-6317,-3896,-6701,-4439
12.85,-5842,-4652,-5851,-3689
12.86,-5798,-4303,-5794,-5023
12.87,-6452,-3857,-6928,-5262
12.88,-6112,-4190,-6279,-5189
12.89,-6111,-4640,-6589,-5154
12.9,-6384,-4371,-5909,-3259
12.91,-6282,-4068,-6325,-4999
12.92,-6324,-4509,-5988,-4520
12.93,-6458,-3990,-6284,-3651
12.94,-6025,-4642,-5785,-5110
12.95,-6268,-3748,-6819,-4068
12.96,-5877,-4013,-5628,-5393
12.97,-6004,-4034,-5616,-5006
12.98,-5866,-4054,-5873,-4361
12.99,-5955,-4323,-5982,-3859
13,-5933,-4708,-6203,-3527
13.01,-5825,-3675,-6622,-4917
13.02,-6053,-4512,-5861,-4419
13.03,-5924,-3731,-6707,-4311
13.04,-6274,-4161,-6185,-3770
13.05,-5884,-3815,-6740,-3336
13.06,-6386,-4345,-6547,-3346
13.07,-6161,-4669,-6448,-5088
13.08,-5779,-3949,-6931,-4887
13.09,-5860,-3771,-5650,-4229
13.1,-6480,-3701,-5735,-3588
13.11,-6216,-4545,-5561,-5309
13.12,-6169,-4180,-6338,-3309
13.13,-6203,-4460,-6176,-5218
13.14,-6346,-4483,-6386,-5316
13.15,-6330,-3746,-6807,-3346
13.16,-6248,-3966,-5719,-4114
13.17,-6189,-3949,-6349,-5135
13.18,-5833,-4072,-6925,-4367
13.19,-6421,-3924,-5584,-3886
13.2,-6033,-4575,-5635,-4293
13.21,-6083,-3915,-5752,-5017
13.22,-6411,-4234,-6081,-5127
13.23,-5825,-4670,-6304,-3497
13.24,-5893,-4270,-6880,-5203
13.25,-6162,-4538,-5605,-3925
13.26,-6233,-4703,-5658,-3435
13.27,-6204,-3693,-5734,-5155
13.28,-5923,-4040,-6583,-3968
13.29,-6106,-4058,-5587,-3500
13.3,-6128,-4321,-5731,-5248
13.31,-6032,-4162,-5630,-3468
13.32,-6209,-3796,-6786,-5419
13.33,-6191,-4031,-5573,-4992
13.34,-5890,-4613,-6830,-4111
13.35,-6023,-4370,-5975,-3526
13.36,-6373,-4165,-6946,-3555
13.37,-5889,-3745,-6848,-5000
13.38,-6314,-4205,-6987,-5448
13.39,-5795,-4168,-6073,-3263
13.4,-6480,-3825,-6725,-4085
13.41,-5969,-3734,-6400,-4676
13.42,-6218,-4288,-6907,-3595
13.43,-5938,-4549,-5729,-4273
13.44,-6401,-3878,-6735,-4702
13.45,-5788,-4629,-6790,-4004
13.46,-6088,-3843,-6638,-4655
13.47,-6133,-4300,-6643,-5069
13.48,-6045,-4056,-5581,-3326
13.49,-6328,-3836,-6716,-4624
13.5,-5924,-3824,-6677,-5307
13.51,-6431,-4358,-6318,-3696
13.52,-6125,-4054,-5608,-5381
13.53,-6144,-3829,-6865,-3701
13.54,-6247,-4014,-6217,-3933
13.55,-6429,-3878,-6848,-3908
13.56,-6294,-4595,-6506,-5264
13.57,-5978,-4182,-5997,-4523
13.58,-6048,-4566,-6215,-5056
13.59,-6247,-4353,-6001,-4264
13.6,-5935,-4242,-5613,-4678
13.61,-6187,-4151,-6965,-3240
13.62,-6057,-3956,-5902,-4905
13.63,-5966,-4175,-5604,-4481
13.64,-5890,-4633,-6027,-5444
13.65,-6044,-3666,-6649,-3551
13.66,-5796,-4306,-6666,-5426
13.67,-6117,-3794,-6530,-4105
13.68,-5988,-4076,-5738,-4326
13.69,-5828,-3959,-6952,-4355
13.7,-5903,-4514,-5694,-5279
13.71,-6365,-4187,-6524,-3689
13.72,-6494,-4117,-5673,-4225
13.73,-6077,-3675,-6756,-4810
13.74,-6336,-4552,-6640,-4641
13.75,-5846,-4600,-6851,-4972
13.76,-6045,-4447,-5818,-3573
13.77,-5795,-3680,-5546,-5153
13.78,-6306,-3905,-5824,-3685
13.79,-6447,-4700,-5597,-4000
13.8,-5802,-3718,-5909,-3585
13.81,-6428,-3665,-5724,-5320
13.82,-6415,-3983,-6398,-4331
13.83,-6245,-4431,-6708,-3874
13.84,-5843,-4354,-5928,-4934
13.85,-6043,-4576,-5588,-3278
13.86,-6197,-3903,-6897,-3491
13.87,-6017,-3741,-5656,-5474
13.88,-6132,-3820,-5614,-3318
13.89,-5862,-4459,-6537,-4476
13.9,-6044,-4139,-6841,-3754
13.91,-6412,-3981,-6565,-5455
13.92,-6366,-4618,-6697,-3903
13.93,-5886,-3657,-5970,-4079
13.94,-6271,-4344,-6596,-4724
13.95,-6228,-3668,-6578,-4674
13.96,-6211,-4498,-5889,-3356
13.97,-6349,-4476,-6323,-4663
13.98,-6483,-4266,-5773,-4241
13.99,-6047,-3704,-6060,-5272
14,-5789,-3918,-6788,-3643
14.01,-5939,-4697,-5840,-5023
14.02,-5951,-4060,-6684,-3791
14.03,-6236,-4104,-6790,-5082
14.04,-6146,-4352,-6926,-3796
14.05,-5838,-3741,-5843,-4718
14.06,-6008,-4267,-5736,-4315
14.07,-5754,-4571,-5989,-4665
14.08,-6222,-4045,-6215,-3528
14.09,-6430,-4556,-6249,-3541
14.1,-6176,-4144,-5729,-4833
14.11,-6175,-4446,-6185,-4935
14.12,-5959,-4415,-6035,-4025
14.13,-5892,-4266,-5640,-4334
14.14,-6315,-4026,-5597,-3731
14.15,-6480,-4439,-6780,-4441
14.16,-6490,-4403,-5958,-5000
14.17,-6395,-4702,-6109,-4963
14.18,-6265,-3823,-5538,-4133
14.19,-6213,-3946,-6853,-4958
14.2,-6227,-3956,-6511,-5230
14.21,-6085,-4321,-6256,-4795
14.22,-6277,-4311,-6054,-5424
14.23,-6082,-4077,-6087,-5263
14.24,-6324,-4603,-5977,-3320
14.25,-5984,-4369,-5546,-4947
14.26,-6074,-3994,-6213,-4333
14.27,-6395,-4722,-6885,-4403
14.28,-5888,-4454,-5819,-3514
14.29,-6007,-3940,-5717,-4207
14.3,-5771,-4377,-6087,-5425
14.31,-6125,-4093,-6303,-3907
14.32,-6234,-3809,-5533,-4015
14.33,-5976,-3891,-6696,-3439
14.34,-6486,-3862,-6902,-5491
14.35,-6486,-4387,-6210,-4601
14.36,-6030,-3816,-6017,-4402
14.37,-6417,-4233,-6678,-5042
14.38,-6475,-4209,-5948,-5336
14.39,-6414,-3961,-6765,-3279
14.4,-5889,-3737,-6493,-3498
14.41,-5890,-3699,-6088,-5268
14.42,-5954,-4500,-5917,-4225
14.43,-5953,-4576,-6723,-4764
14.44,-5977,-4360,-5635,-4026
14.45,-6063,-3738,-6318,-4549
14.46,-5846,-4482,-5563,-4006
14.47,-6072,-4545,-6224,-5051
14.48,-6399,-4627,-5890,-3579
14.49,-6034,-3671,-6256,-4529
14.5,-6021,-4377,-6967,-4071
14.51,-6340,-3675,-5977,-5067
14.52,-6401,-4431,-6750,-3518
14.53,-6201,-4707,-6547,-5288
14.54,-6278,-3759,-6436,-5095
14.55,-5846,-4217,-5517,-5352
14.56,-6006,-3776,-6326,-4656
14.57,-6105,-3825,-5636,-4014
14.58,-6313,-4064,-6255,-4875
14.59,-6224,-4222,-6615,-4733
14.6,-6342,-4559,-5971,-5417
14.61,-5814,-4182,-6104,-3920
14.62,-6325,-4671,-6124,-3752
14.63,-6068,-4516,-6486,-3259
14.64,-6069,-4323,-6532,-3834
14.65,-6299,-4508,-6537,-5043
14.66,-6171,-4401,-5726,-4484
14.67,-6341,-4087,-6184,-4826
14.68,-6010,-4610,-6114,-5354
14.69,-6102,-4170,-6426,-4356
14.7,-6324,-3831,-6097,-3642
14.71,-5902,-4338,-5512,-4688
14.72,-6020,-3806,-6746,-4424
14.73,-6372,-4638,-6067,-3668
14.74,-5900,-3955,-6994,-3413
14.75,-6158,-4664,-5992,-5028
14.76,-6364,-4067,-6587,-4874
14.77,-5822,-4439,-6040,-3697
14.78,-5923,-4310,-5558,-4413
14.79,-5862,-4061,-6491,-3833
14.8,-5843,-4554,-5852,-4189
14.81,-5840,-4177,-6801,-4494
14.82,-5979,-4719,-6434,-4064
14.83,-5960,-4414,-6923,-3428
14.84,-6094,-3790,-6480,-5454
14.85,-6285,-4039,-5505,-3657
14.86,-6102,-4152,-6623,-4937
14.87,-6001,-3675,-5875,-3375
14.88,-6339,-4478,-6663,-4980
14.89,-6362,-3797,-6457,-3739
14.9,-6100,-4349,-6730,-4879
14.91,-6325,-4042,-6752,-4457
14.92,-5825,-4322,-6225,-4945
14.93,-5944,-4100,-5938,-5418
14.94,-6303,-4364,-6079,-4192
14.95,-6217,-4268,-6667,-3711
14.96,-6447,-4011,-6162,-3861
14.97,-6139,-4472,-6070,-3602
14.98,-6226,-4145,-6896,-4476
14.99,-5843,-4176,-6148,-3642
15,-6281,-4100,-6652,-4778
15.01,-6481,-4171,-6314,-3850
15.02,-6441,-3892,-5612,-4783
15.03,-5983,-3920,-6557,-4710
15.04,-6167,-3888,-6132,-3297
15.05,-6384,-4457,-6482,-3555
15.06,-6423,-3843,-5586,-3263
15.07,-6195,-4274,-6915,-3359
15.08,-6102,-4692,-5751,-5352
15.09,-6111,-4037,-6488,-5317
15.1,-6496,-4530,-6451,-3626
15.11,-6221,-4211,-5549,-3364
15.12,-5864,-3681,-6883,-4761
15.13,-6093,-4367,-6266,-3811
15.14,-5792,-4215,-5525,-5330
15.15,-6128,-4197,-6225,-4761
15.16,-6206,-4282,-5717,-3928
15.17,-6103,-3686,-5595,-3981
15.18,-6061,-3811,-6220,-4840
15.19,-5949,-4732,-5891,-4127
15.2,-6263,-4657,-6376,-4562
15.21,-5794,-4560,-6647,-3694
15.22,-5784,-4627,-6010,-4575
15.23,-6275,-4286,-5543,-3917
15.24,-6427,-3930,-6546,-3574
15.25,-6244,-4062,-6403,-3677
15.26,-6256,-4442,-6974,-5041
15.27,-6450,-4080,-6274,-4269
15.28,-6303,-4282,-6165,-4081
15.29,-6072,-4429,-6813,-5442
15.3,-6408,-4532,-5650,-4417
15.31,-6275,-4082,-6689,-4524
15.32,-6406,-4521,-5733,-5043
15.33,-6233,-4548,-6161,-3243
15.34,-6309,-3936,-6636,-4951
15.35,-6307,-3825,-6372,-3442
15.36,-5828,-4410,-6933,-5078
15.37,-6360,-3771,-6206,-5343
15.38,-6119,-3814,-6705,-3448
15.39,-6445,-4360,-5821,-4247
15.4,-5899,-3753,-5578,-4034
15.41,-5789,-4351,-5887,-3562
15.42,-6441,-3827,-6778,-3246
15.43,-6233,-4067,-6731,-5331
15.44,-6454,-4183,-6658,-5065
15.45,-6495,-4417,-5756,-5209
15.46,-6447,-4339,-6474,-4920
15.47,-6212,-3913,-6347,-4358
15.48,-6383,-4115,-6921,-4983
15.49,-6054,-4264,-6789,-5386
15.5,-6063,-4533,-6063,-5154
15.51,-6009,-4217,-6721,-3814
15.52,-6076,-4332,-5546,-3239
15.53,-6017,-4679,-5955,-4917
15.54,-6377,-4282,-5616,-4917
15.55,-6355,-4630,-6346,-4974
15.56,-5751,-4065,-5828,-4199
15.57,-6301,-4213,-5750,-4103
15.58,-6414,-4547,-5759,-5492
15.59,-6047,-4389,-6387,-4422
15.6,-5882,-4711,-6719,-4935
15.61,-6255,-3875,-6433,-4890
15.62,-6158,-4444,-5847,-4439
15.63,-6044,-4455,-6874,-5224
15.64,-5821,-4384,-5659,-4246
15.65,-6014,-4194,-6479,-5446
15.66,-5849,-4487,-6692,-3286
15.67,-6437,-3929,-6125,-3549
15.68,-6297,-3706,-6794,-4862
15.69,-6201,-4162,-5991,-4749
15.7,-5755,-4217,-6291,-3491
15.71,-6378,-3755,-6753,-4925
15.72,-6491,-3857,-5513,-4219
15.73,-5944,-4670,-5935,-4195
15.74,-6381,-4268,-6278,-5468
15.75,-6300,-3939,-6894,-5437
15.76,-6302,-4293,-5966,-5308
15.77,-6433,-4242,-5735,-5438
15.78,-6365,-3960,-5638,-3630
15.79,-6195,-4372,-6042,-4834
15.8,-6287,-3955,-5628,-4564
15.81,-5952,-4572,-6229,-4266
15.82,-6050,-4278,-5990,-5404
15.83,-6001,-3946,-6907,-5297
15.84,-5985,-3689,-6107,-5376
15.85,-6064,-3861,-6315,-4878
15.86,-5981,-4611,-5561,-3817
15.87,-6316,-4462,-6223,-3589
15.88,-6110,-4386,-6898,-3777
15.89,-6061,-4529,-5555,-4326
15.9,-6063,-4494,-6201,-4695
15.91,-6212,-4714,-6035,-3380
15.92,-6059,-4040,-5998,-3351
15.93,-6392,-4064,-5682,-3218
15.94,-6430,-4100,-6896,-5441
15.95,-6266,-4209,-5684,-4661
15.96,-6337,-4382,-6409,-5001
15.97,-5795,-4349,-6707,-3831
15.98,-6005,-3936,-6522,-4175
15.99,-6498,-3814,-6095,-5258
16,-6431,-4424,-5890,-4606
16.01,-5811,-3981,-5536,-4721
16.02,-5886,-4511,-5770,-3785
16.03,-6377,-4616,-5957,-4445
16.04,-6409,-3705,-6407,-3389
16.05,-6182,-4406,-5948,-5342
16.06,-6142,-4748,-6710,-4844
16.07,-6312,-3980,-6188,-3333
16.08,-6397,-4478,-6605,-4785
16.09,-6079,-4725,-6635,-3596
16.1,-6427,-4725,-6866,-4702
16.11,-6277,-4293,-6829,-3991
16.12,-6070,-4094,-5993,-5241
16.13,-6284,-4702,-6499,-4143
16.14,-6457,-4500,-6528,-4413
16.15,-6398,-4259,-6504,-3352
16.16,-5929,-4032,-5619,-3595
16.17,-6285,-3769,-5518,-4330
16.18,-6457,-4444,-5674,-3391
16.19,-5976,-3701,-6002,-4734
16.2,-6107,-4028,-6338,-4211
16.21,-6328,-3691,-6245,-3665
16.22,-6154,-3829,-5806,-4893
16.23,-5881,-3784,-6152,-4088
16.24,-5946,-4542,-6654,-3216
16.25,-6071,-4628,-5619,-4397
16.26,-5963,-3701,-5730,-4777
16.27,-6450,-4239,-6057,-4942
16.28,-6184,-4526,-6046,-4497
16.29,-6159,-3994,-6111,-5094
16.3,-6348,-4168,-6614,-3650
16.31,-6378,-3881,-5833,-4376
16.32,-6157,-4032,-5890,-4488
16.33,-6169,-4361,-5921,-3295
16.34,-6277,-3750,-6477,-5325
16.35,-5991,-3864,-6416,-4629
16.36,-5967,-3990,-6189,-3724
16.37,-6258,-3698,-5942,-4684
16.38,-6033,-4071,-6984,-5008
16.39,-6043,-4609,-5560,-4846
16.4,-6368,-4704,-6460,-3435
16.41,-5828,-4320,-5779,-5401
16.42,-6262,-3736,-5589,-4396
16.43,-5934,-3994,-6184,-3328
16.44,-6406,-4100,-6642,-4717
16.45,-6415,-4253,-6052,-4861
16.46,-6149,-3973,-6516,-4798
16.47,-6398,-4233,-5543,-4962
16.48,-6071,-4022,-5993,-4307
16.49,-6386,-4554,-6322,-3289
16.5,-6494,-4334,-5852,-4330
16.51,-5913,-4701,-6285,-4159
16.52,-5780,-4475,-6866,-4711
16.53,-6190,-4447,-6505,-3649
16.54,-5999,-3661,-6648,-4321
16.55,-5899,-4537,-5803,-3333
16.56,-6092,-4007,-6299,-4939
16.57,-5913,-4483,-5522,-4783
16.58,-6187,-3881,-5898,-5162
16.59,-6097,-4464,-5841,-3377
16.6,-5871,-3702,-6778,-4583
16.61,-6304,-3758,-6590,-3203
16.62,-6272,-4531,-6721,-4608
16.63,-6355,-4623,-6156,-4185
16.64,-6377,-3856,-6336,-3317
16.65,-6246,-3785,-5679,-3881
16.66,-6040,-3653,-5959,-5212
16.67,-5780,-3864,-5768,-4372
16.68,-6196,-3916,-5566,-3390
16.69,-6224,-3713,-6012,-3663
16.7,-6478,-3684,-6343,-4986
16.71,-6096,-4376,-6060,-4430
16.72,-6058,-4604,-6324,-4716
16.73,-6175,-4081,-6606,-3538
16.74,-5973,-3922,-6308,-4708
16.75,-6454,-3951,-6395,-5196
16.76,-6435,-4033,-6897,-3853
16.77,-6044,-4313,-6255,-4560
16.78,-6478,-4677,-6024,-4946
16.79,-6411,-4079,-6480,-3375
16.8,-6161,-4314,-6529,-4087
16.81,-5841,-4508,-6616,-3571
16.82,-6293,-4377,-6985,-4568
16.83,-5881,-4501,-6128,-3893
16.84,-6457,-3971,-6694,-4856
16.85,-6041,-3850,-6326,-4565
16.86,-6012,-3791,-6392,-5390
16.87,-6010,-4680,-5903,-5071
16.88,-5886,-4093,-5972,-4303
16.89,-6074,-4323,-6832,-3289
16.9,-6191,-4314,-5870,-4214
16.91,-6114,-4504,-6813,-5133
16.92,-6498,-3748,-6601,-5377
16.93,-6345,-4190,-6029,-3984
16.94,-6047,-3720,-5566,-3523
16.95,-6400,-3866,-6824,-4112
16.96,-6406,-4710,-5820,-4563
16.97,-6391,-3837,-6831,-4329
16.98,-5962,-4149,-6940,-4620
16.99,-6202,-4396,-6918,-3218
17,-6029,-4277,-5576,-4297
17.01,-6367,-4594,-5958,-5389
17.02,-5904,-4081,-6987,-3888
17.03,-6026,-4512,-6736,-4007
17.04,-5833,-4133,-5694,-5239
17.05,-6354,-3688,-6355,-3910
17.06,-6448,-3870,-6600,-3405
17.07,-6083,-3737,-6044,-4331
17.08,-6338,-4624,-6985,-3784
17.09,-6391,-4498,-6992,-5402
17.1,-6308,-4223,-6201,-5443
17.11,-6492,-3663,-6812,-5166
17.12,-6231,-4609,-6242,-3320
17.13,-5845,-3861,-6523,-4162
17.14,-6091,-3805,-5903,-5463
17.15,-5840,-4346,-5623,-4239
17.16,-5906,-4132,-5820,-4679
17.17,-5797,-4522,-5848,-4094
17.18,-6188,-3781,-6348,-4593
17.19,-6399,-4683,-6013,-3839
17.2,-5944,-4698,-5819,-4561
17.21,-6329,-4609,-6195,-3649
17.22,-6018,-4357,-5905,-4869
17.23,-6349,-4188,-6895,-4685
17.24,-6252,-4260,-6248,-3864
17.25,-5773,-4366,-6857,-4436
17.26,-6490,-4182,-6817,-3568
17.27,-5945,-3923,-6142,-3661
17.28,-6206,-4031,-6218,-4207
17.29,-5853,-3902,-6290,-3466
17.3,-6403,-4274,-6083,-4440
17.31,-5951,-4701,-6372,-3561
17.32,-6035,-4601,-6578,-3767
17.33,-6110,-4680,-6270,-5293
17.34,-6424,-4592,-5697,-4844
17.35,-5981,-4587,-6235,-5162
17.36,-6076,-4061,-5743,-3824
17.37,-5865,-3876,-5977,-3359
17.38,-5937,-4608,-6144,-3245
17.39,-6212,-4458,-5930,-3564
17.4,-6206,-4181,-5678,-3747
17.41,-6258,-4555,-5715,-4857
17.42,-6011,-4018,-6513,-4992
17.43,-5979,-3985,-6095,-3601
17.44,-5865,-3715,-6290,-4893
17.45,-6489,-3938,-6518,-3688
17.46,-6489,-4724,-6112,-4112
17.47,-6314,-4623,-6585,-5253
17.48,-6464,-4155,-5785,-4374
17.49,-6449,-4307,-5503,-5342
17.5,-6090,-3900,-6067,-3982
17.51,-6217,-3928,-6462,-5198
17.52,-6406,-3732,-6041,-4486
17.53,-6230,-4280,-6397,-4963
17.54,-5967,-4196,-6729,-5091
17.55,-6196,-4261,-6311,-3726
17.56,-6017,-4474,-5519,-4583
17.57,-6470,-3663,-6565,-4526
17.58,-6391,-4052,-5781,-5195
17.59,-5769,-3817,-6908,-4248
17.6,-6296,-3766,-6724,-5455
17.61,-6011,-4437,-6567,-4280
17.62,-5865,-4128,-5513,-4080
17.63,-5909,-3933,-6410,-5303
17.64,-6090,-4461,-6587,-5193
17.65,-6410,-3822,-5638,-4124
17.66,-5787,-3983,-6690,-4474
17.67,-6124,-4208,-6220,-4098
17.68,-5937,-3920,-5951,-3979
17.69,-6404,-4600,-5513,-3325
17.7,-6400,-3903,-6372,-4818
17.71,-5945,-4661,-5758,-4910
17.72,-5909,-3945,-6889,-3200
17.73,-6436,-3905,-5929,-5393
17.74,-5771,-3916,-5805,-4373
17.75,-6136,-4338,-5515,-3311
17.76,-6297,-4153,-6539,-4143
17.77,-6465,-3819,-5625,-5434
17.78,-6207,-4298,-6710,-5214
17.79,-6215,-4459,-6789,-4569
17.8,-6363,-4546,-5717,-3242
17.81,-6166,-4610,-6749,-5329
17.82,-5887,-4623,-5998,-4258
17.83,-6462,-4302,-5982,-3232
17.84,-6088,-4105,-6744,-5349
17.85,-6066,-3781,-6544,-4434
17.86,-5929,-4373,-6681,-5398
17.87,-6186,-3774,-6621,-3762
17.88,-6081,-3845,-6985,-3742
17.89,-6181,-4586,-6513,-3312
17.9,-5920,-4541,-6490,-4315
17.91,-5954,-3710,-5694,-4587
17.92,-6025,-4146,-5565,-3257
17.93,-6192,-4199,-6801,-4001
17.94,-5773,-3652,-6091,-4408
17.95,-6368,-3904,-6428,-5343
17.96,-6060,-4668,-6555,-3883
17.97,-5758,-3804,-6125,-3246
17.98,-5833,-3722,-5981,-4704
17.99,-5773,-4074,-5601,-4858
18,-5842,-4074,-6635,-4386
18.01,-6295,-3967,-6575,-4561
18.02,-6492,-3945,-6629,-3215
18.03,-6113,-4062,-6713,-3411
18.04,-6272,-4378,-5592,-4955
18.05,-5990,-3742,-6426,-3521
18.06,-6448,-3651,-6354,-4823
18.07,-5909,-4647,-5693,-4997
18.08,-6055,-3887,-6023,-4050
18.09,-6158,-4388,-6759,-4018
18.1,-5865,-4263,-5672,-4771
18.11,-6164,-4127,-6371,-5191
18.12,-6390,-3961,-6681,-4602
18.13,-5808,-4724,-6718,-4875
18.14,-6058,-4280,-6428,-5379
18.15,-6368,-4102,-5511,-3891
18.16,-6297,-4052,-5745,-4910
18.17,-6242,-3653,-5741,-3366
18.18,-6172,-4187,-6740,-3593
18.19,-5893,-4354,-6849,-4900
18.2,-6457,-3971,-6695,-3771
18.21,-6316,-4624,-6580,-3268
18.22,-6267,-4467,-6457,-5445
18.23,-6260,-4557,-6742,-4404
18.24,-6006,-4681,-6676,-4718
18.25,-6054,-4348,-6186,-3415
18.26,-6078,-3700,-6606,-3697
18.27,-5759,-4025,-6162,-3921
18.28,-6361,-4508,-6920,-4446
18.29,-6277,-4437,-6536,-4255
18.3,-5824,-4038,-6031,-5468
18.31,-6112,-4053,-5660,-5085
18.32,-5773,-4750,-5735,-4949
18.33,-6483,-4076,-6330,-4231
18.34,-5872,-3806,-5700,-3920
18.35,-6298,-3707,-5505,-4360
18.36,-6145,-4082,-6830,-3445
18.37,-6246,-4046,-6203,-4561
18.38,-5999,-3681,-6585,-3628
18.39,-5770,-4247,-6820,-3845
18.4,-5764,-4191,-5542,-4432
18.41,-5966,-4488,-6619,-3598
18.42,-6397,-3976,-6309,-4500
18.43,-6062,-4296,-6178,-4523
18.44,-6356,-3683,-6255,-4407
18.45,-5808,-3933,-6890,-4717
18.46,-6452,-4334,-6384,-4622
18.47,-6106,-4509,-6971,-3866
18.48,-6494,-4090,-6953,-5333
18.49,-5952,-3906,-5602,-4187
18.5,-6355,-4620,-6063,-3958
18.51,-5877,-4222,-6978,-3683
18.52,-5910,-4024,-5886,-3466
18.53,-6327,-3673,-6363,-3584
18.54,-6373,-3976,-6291,-5479
18.55,-5899,-3683,-6747,-5193
18.56,-6244,-4491,-5563,-3515
18.57,-6383,-4501,-6294,-5329
18.58,-6044,-4688,-6032,-3979
18.59,-5923,-4333,-5619,-4331
18.6,-6452,-4425,-5568,-3424
18.61,-5981,-4061,-6548,-4758
18.62,-5756,-4621,-5845,-3348
18.63,-5819,-4698,-5678,-3206
18.64,-5829,-3743,-6667,-5005
18.65,-6369,-3859,-6005,-3599
18.66,-6037,-4174,-6727,-4953
18.67,-5939,-4493,-6483,-4090
18.68,-5883,-4605,-6702,-3302
18.69,-6432,-3701,-6978,-3374
18.7,-5928,-4131,-6819,-4576
18.71,-6396,-4569,-6979,-3679
18.72,-6116,-3880,-6486,-4254
18.73,-6281,-4534,-6225,-3687
18.74,-5872,-4254,-6325,-3603
18.75,-5791,-4171,-5616,-4673
18.76,-5930,-4004,-6261,-4406
18.77,-5840,-4306,-6523,-4964
18.78,-5948,-4737,-6760,-3469
18.79,-6130,-4151,-5695,-4352
18.8,-6047,-4190,-6788,-4833
18.81,-6020,-4687,-5751,-4412
18.82,-6446,-4260,-5742,-3853
18.83,-5973,-3932,-6656,-5480
18.84,-6085,-4681,-6720,-3580
18.85,-5899,-4638,-6703,-4612
18.86,-5825,-4688,-5577,-4294
18.87,-6295,-4379,-6809,-4973
18.88,-6049,-3718,-5805,-3573
18.89,-6407,-4199,-6520,-3426
18.9,-5760,-4142,-5924,-3602
18.91,-6237,-4081,-5693,-5135
18.92,-5933,-4327,-6291,-4331
18.93,-5875,-3740,-6507,-3526
18.94,-5895,-4626,-6180,-4907
18.95,-6292,-4197,-6392,-4792
18.96,-6427,-4623,-6781,-5382
18.97,-5757,-3704,-5922,-4804
18.98,-6473,-4649,-6533,-4883
18.99,-6013,-4324,-6260,-3304
19,-6236,-4041,-6214,-4257
19.01,-6217,-4342,-5607,-4412
19.02,-6143,-4348,-5533,-5091
19.03,-6119,-4029,-6655,-4877
19.04,-6229,-4089,-6018,-4030
19.05,-6004,-4712,-6038,-4778
19.06,-5835,-3921,-6550,-3408
19.07,-5802,-3732,-6443,-3882
19.08,-6344,-3901,-6780,-3645
19.09,-6385,-4517,-6043,-3798
19.1,-5883,-4492,-6270,-3766
19.11,-6420,-4123,-6105,-3615
19.12,-5833,-4451,-6057,-5024
19.13,-5951,-4491,-6519,-4238
19.14,-6480,-4500,-5539,-4363
19.15,-5765,-4664,-6463,-4154
19.16,-5825,-3775,-5896,-4610
19.17,-6453,-4286,-6743,-5392
19.18,-6281,-3947,-6139,-4331
19.19,-6080,-3989,-5818,-5059
19.2,-6398,-3898,-5773,-4536
19.21,-5948,-4616,-5696,-4388
19.22,-6411,-3980,-6148,-5018
19.23,-6143,-4319,-6305,-5361
19.24,-6003,-4624,-6780,-4871
19.25,-6159,-4012,-6580,-5129
19.26,-5907,-3749,-6562,-5321
19.27,-6341,-4715,-5777,-4328
19.28,-5958,-4426,-6746,-4447
19.29,-6123,-3814,-6352,-4558
19.3,-5772,-4198,-6302,-3563
19.31,-6028,-3834,-6322,-4775
19.32,-5803,-4749,-6890,-4161
19.33,-6170,-3806,-6675,-5455
19.34,-6241,-4024,-5697,-4678
19.35,-6361,-4017,-6828,-5445
19.36,-6154,-4033,-5757,-4776
19.37,-6431,-4282,-5961,-4706
19.38,-6276,-3836,-6673,-5009
19.39,-6203,-4044,-6239,-5319
19.4,-6300,-4580,-5878,-5442
19.41,-5801,-4301,-6752,-3916
19.42,-5976,-4396,-6321,-3415
19.43,-5829,-4163,-6345,-4297
19.44,-6292,-4332,-5550,-3283
19.45,-6098,-4006,-5820,-3703
19.46,-6139,-4628,-6869,-5082
19.47,-6498,-4043,-6999,-3370
19.48,-5812,-4070,-6223,-5169
19.49,-6489,-4669,-6656,-3932
19.5,-5908,-4026,-5748,-3342
19.51,-6323,-3669,-6887,-4677
19.52,-5756,-3794,-6362,-3903
19.53,-6203,-4198,-6661,-4549
19.54,-6427,-4320,-6918,-4318
19.55,-6384,-4330,-6880,-3630
19.56,-6427,-4622,-6418,-3269
19.57,-6464,-4635,-6775,-4319
19.58,-6227,-3969,-5876,-4540
19.59,-6174,-4013,-6804,-3294
19.6,-6401,-4511,-5694,-5365
19.61,-6165,-4077,-5991,-4305
19.62,-6333,-4436,-6136,-5014
19.63,-6286,-4337,-5708,-3780
19.64,-6233,-4057,-6351,-4720
19.65,-5947,-3993,-6337,-5441
19.66,-6238,-4592,-5598,-5281
19.67,-6085,-3683,-6454,-3368
19.68,-6125,-3998,-6871,-5051
19.69,-6285,-4131,-5922,-3790
19.7,-5796,-3993,-6287,-5183
19.71,-5955,-4138,-6648,-4252
19.72,-6195,-4009,-6354,-5031
19.73,-6373,-3724,-6452,-3841
19.74,-5759,-3710,-6693,-3988
19.75,-6433,-4569,-6013,-3842
19.76,-5941,-4015,-6204,-3742
19.77,-5775,-4672,-5574,-3906
19.78,-6353,-3924,-5702,-3965
19.79,-6045,-4243,-6632,-4316
19.8,-6371,-4015,-6326,-4756
19.81,-5870,-4287,-6464,-4730
19.82,-6044,-4050,-5596,-4420
19.83,-6358,-3771,-6900,-5385
19.84,-5883,-4535,-5532,-4098
19.85,-6250,-3786,-6665,-4557
19.86,-6107,-3767,-5586,-3319
19.87,-6381,-4150,-6942,-3236
19.88,-6346,-4671,-6395,-4967
19.89,-6274,-4179,-5975,-4982
19.9,-6284,-3914,-5846,-3419
19.91,-5758,-3786,-6349,-3239
19.92,-6451,-4256,-6876,-3274
19.93,-6320,-3972,-6932,-5296
19.94,-6028,-4486,-5842,-5341
19.95,-6264,-4075,-6678,-5486
19.96,-6224,-4694,-5949,-3541
19.97,-6124,-4015,-5747,-4613
19.98,-6220,-3902,-6486,-5449
19.99,-5787,-4202,-6065,-5094
20,-6224,-4486,-5747,-4613
